INSERT INTO Setor (DESIGNACAOSETOR, CAUDALMAXIMO, DATAINICIO, DATAFINAL)
VALUES ('Setor 10', 2500, to_date('01/05/2017', 'DD/MM/YYYY'), NULL);

INSERT INTO Setor (DESIGNACAOSETOR, CAUDALMAXIMO, DATAINICIO, DATAFINAL)
VALUES ('Setor 11', 1500, to_date('01/05/2017', 'DD/MM/YYYY'), NULL);

INSERT INTO Setor (DESIGNACAOSETOR, CAUDALMAXIMO, DATAINICIO, DATAFINAL)
VALUES ('Setor 21', 3500, to_date('01/05/2017', 'DD/MM/YYYY'), NULL);

INSERT INTO Setor (DESIGNACAOSETOR, CAUDALMAXIMO, DATAINICIO, DATAFINAL)
VALUES ('Setor 22', 3500, to_date('01/05/2019', 'DD/MM/YYYY'), NULL);

INSERT INTO Setor (DESIGNACAOSETOR, CAUDALMAXIMO, DATAINICIO, DATAFINAL)
VALUES ('Setor 41', 2500, to_date('01/04/2023', 'DD/MM/YYYY'), to_date('10/10/2023', 'DD/MM/YYYY'));

INSERT INTO Setor (DESIGNACAOSETOR, CAUDALMAXIMO, DATAINICIO, DATAFINAL)
VALUES ('Setor 42', 3500, to_date('01/04/2023', 'DD/MM/YYYY'), to_date('10/10/2023', 'DD/MM/YYYY'));

INSERT INTO Unidade (UNIDADE)
VALUES ('un');

INSERT INTO Unidade (UNIDADE)
VALUES ('ha');

INSERT INTO Unidade (UNIDADE)
VALUES ('kg');

INSERT INTO Unidade (UNIDADE)
VALUES ('l');

INSERT INTO Unidade (UNIDADE)
VALUES ('kg/ha');

INSERT INTO Unidade (UNIDADE)
VALUES ('l/ha');

INSERT INTO UnidadeCultura (TIPOPLANTACAO, UNIDADE)
VALUES ('Permanente', 'un');

INSERT INTO UnidadeCultura (TIPOPLANTACAO, UNIDADE)
VALUES ('Temporária', 'ha');

INSERT INTO Parcela (DESIGNACAOPARCELA, AREA)
VALUES ('Campo da bouça', 1.2);

INSERT INTO Parcela (DESIGNACAOPARCELA, AREA)
VALUES ('Campo grande', 3);

INSERT INTO Parcela (DESIGNACAOPARCELA, AREA)
VALUES ('Campo do poço', 1.5);

INSERT INTO Parcela (DESIGNACAOPARCELA, AREA)
VALUES ('Lameiro da ponte', 0.8);

INSERT INTO Parcela (DESIGNACAOPARCELA, AREA)
VALUES ('Lameiro do moinho', 1.1);

INSERT INTO Parcela (DESIGNACAOPARCELA, AREA)
VALUES ('Horta nova', 0.3);

INSERT INTO Parcela (DESIGNACAOPARCELA, AREA)
VALUES ('Vinha', 2);

INSERT INTO Parcela (DESIGNACAOPARCELA, AREA)
VALUES ('Campo Novo', 1.1);

INSERT INTO EspecieCultura (ESPECIE)
VALUES ('Prunus domestica');

INSERT INTO EspecieCultura (ESPECIE)
VALUES ('Prunus armeniaca');

INSERT INTO EspecieCultura (ESPECIE)
VALUES ('Malus domestica');

INSERT INTO EspecieCultura (ESPECIE)
VALUES ('Pyrus pyrifolia');

INSERT INTO EspecieCultura (ESPECIE)
VALUES ('Daucus carota subsp. Sativus');

INSERT INTO EspecieCultura (ESPECIE)
VALUES ('Lupinus luteus');

INSERT INTO EspecieCultura (ESPECIE)
VALUES ('Lupinus albus');

INSERT INTO EspecieCultura (ESPECIE)
VALUES ('Zea mays');

INSERT INTO EspecieCultura (ESPECIE)
VALUES ('Brassica rapa');

INSERT INTO EspecieCultura (ESPECIE)
VALUES ('Olea europaea');

INSERT INTO EspecieCultura (ESPECIE)
VALUES ('Vitis vinifera');

INSERT INTO EspecieCultura (ESPECIE)
VALUES ('Cucurbita Moschata var Butternut');

INSERT INTO Cultura (VARIEDADECULTURA, NOMECOMUMCULTURA, ESPECIE, TIPOPLANTACAO)
VALUES ('Rainha Claudia Caranguejeira', 'Ameixoeira', 'Prunus domestica', 'Permanente');

INSERT INTO Cultura (VARIEDADECULTURA, NOMECOMUMCULTURA, ESPECIE, TIPOPLANTACAO)
VALUES ('President', 'Ameixoeira', 'Prunus domestica', 'Permanente');

INSERT INTO Cultura (VARIEDADECULTURA, NOMECOMUMCULTURA, ESPECIE, TIPOPLANTACAO)
VALUES ('Stanley', 'Ameixoeira', 'Prunus domestica', 'Permanente');

INSERT INTO Cultura (VARIEDADECULTURA, NOMECOMUMCULTURA, ESPECIE, TIPOPLANTACAO)
VALUES ('Angeleno', 'Ameixoeira', 'Prunus domestica', 'Permanente');

INSERT INTO Cultura (VARIEDADECULTURA, NOMECOMUMCULTURA, ESPECIE, TIPOPLANTACAO)
VALUES ('Black Beauty', 'Ameixoeira', 'Prunus domestica', 'Permanente');

INSERT INTO Cultura (VARIEDADECULTURA, NOMECOMUMCULTURA, ESPECIE, TIPOPLANTACAO)
VALUES ('Black Star', 'Ameixoeira', 'Prunus domestica', 'Permanente');

INSERT INTO Cultura (VARIEDADECULTURA, NOMECOMUMCULTURA, ESPECIE, TIPOPLANTACAO)
VALUES ('Black Gold', 'Ameixoeira', 'Prunus domestica', 'Permanente');

INSERT INTO Cultura (VARIEDADECULTURA, NOMECOMUMCULTURA, ESPECIE, TIPOPLANTACAO)
VALUES ('Black Diamond', 'Ameixoeira', 'Prunus domestica', 'Permanente');

INSERT INTO Cultura (VARIEDADECULTURA, NOMECOMUMCULTURA, ESPECIE, TIPOPLANTACAO)
VALUES ('Black Amber', 'Ameixoeira', 'Prunus domestica', 'Permanente');

INSERT INTO Cultura (VARIEDADECULTURA, NOMECOMUMCULTURA, ESPECIE, TIPOPLANTACAO)
VALUES ('Black Splendor', 'Ameixoeira', 'Prunus domestica', 'Permanente');

INSERT INTO Cultura (VARIEDADECULTURA, NOMECOMUMCULTURA, ESPECIE, TIPOPLANTACAO)
VALUES ('Fortuna', 'Ameixoeira', 'Prunus domestica', 'Permanente');

INSERT INTO Cultura (VARIEDADECULTURA, NOMECOMUMCULTURA, ESPECIE, TIPOPLANTACAO)
VALUES ('Friar', 'Ameixoeira', 'Prunus domestica', 'Permanente');

INSERT INTO Cultura (VARIEDADECULTURA, NOMECOMUMCULTURA, ESPECIE, TIPOPLANTACAO)
VALUES ('El Dorado', 'Ameixoeira', 'Prunus domestica', 'Permanente');

INSERT INTO Cultura (VARIEDADECULTURA, NOMECOMUMCULTURA, ESPECIE, TIPOPLANTACAO)
VALUES ('Elephant Heart', 'Ameixoeira', 'Prunus domestica', 'Permanente');

INSERT INTO Cultura (VARIEDADECULTURA, NOMECOMUMCULTURA, ESPECIE, TIPOPLANTACAO)
VALUES ('Golden Japan', 'Ameixoeira', 'Prunus domestica', 'Permanente');

INSERT INTO Cultura (VARIEDADECULTURA, NOMECOMUMCULTURA, ESPECIE, TIPOPLANTACAO)
VALUES ('Harry Pitchon', 'Ameixoeira', 'Prunus domestica', 'Permanente');

INSERT INTO Cultura (VARIEDADECULTURA, NOMECOMUMCULTURA, ESPECIE, TIPOPLANTACAO)
VALUES ('Laetitia', 'Ameixoeira', 'Prunus domestica', 'Permanente');

INSERT INTO Cultura (VARIEDADECULTURA, NOMECOMUMCULTURA, ESPECIE, TIPOPLANTACAO)
VALUES ('Metley', 'Ameixoeira', 'Prunus domestica', 'Permanente');

INSERT INTO Cultura (VARIEDADECULTURA, NOMECOMUMCULTURA, ESPECIE, TIPOPLANTACAO)
VALUES ('Mirabelle De Nancy', 'Ameixoeira', 'Prunus domestica', 'Permanente');

INSERT INTO Cultura (VARIEDADECULTURA, NOMECOMUMCULTURA, ESPECIE, TIPOPLANTACAO)
VALUES ('Queen Rose', 'Ameixoeira', 'Prunus domestica', 'Permanente');

INSERT INTO Cultura (VARIEDADECULTURA, NOMECOMUMCULTURA, ESPECIE, TIPOPLANTACAO)
VALUES ('Red Beaut', 'Ameixoeira', 'Prunus domestica', 'Permanente');

INSERT INTO Cultura (VARIEDADECULTURA, NOMECOMUMCULTURA, ESPECIE, TIPOPLANTACAO)
VALUES ('Santa Rosa', 'Ameixoeira', 'Prunus domestica', 'Permanente');

INSERT INTO Cultura (VARIEDADECULTURA, NOMECOMUMCULTURA, ESPECIE, TIPOPLANTACAO)
VALUES ('Shiro', 'Ameixoeira', 'Prunus domestica', 'Permanente');

INSERT INTO Cultura (VARIEDADECULTURA, NOMECOMUMCULTURA, ESPECIE, TIPOPLANTACAO)
VALUES ('Sungold', 'Ameixoeira', 'Prunus domestica', 'Permanente');

INSERT INTO Cultura (VARIEDADECULTURA, NOMECOMUMCULTURA, ESPECIE, TIPOPLANTACAO)
VALUES ('Wilson Perfection', 'Ameixoeira', 'Prunus domestica', 'Permanente');

INSERT INTO Cultura (VARIEDADECULTURA, NOMECOMUMCULTURA, ESPECIE, TIPOPLANTACAO)
VALUES ('Autumn Giant', 'Ameixoeira', 'Prunus domestica', 'Permanente');

INSERT INTO Cultura (VARIEDADECULTURA, NOMECOMUMCULTURA, ESPECIE, TIPOPLANTACAO)
VALUES ('Bulida', 'Damasqueiro', 'Prunus armeniaca', 'Permanente');

INSERT INTO Cultura (VARIEDADECULTURA, NOMECOMUMCULTURA, ESPECIE, TIPOPLANTACAO)
VALUES ('Canino', 'Damasqueiro', 'Prunus armeniaca', 'Permanente');

INSERT INTO Cultura (VARIEDADECULTURA, NOMECOMUMCULTURA, ESPECIE, TIPOPLANTACAO)
VALUES ('Liabaud', 'Damasqueiro', 'Prunus armeniaca', 'Permanente');

INSERT INTO Cultura (VARIEDADECULTURA, NOMECOMUMCULTURA, ESPECIE, TIPOPLANTACAO)
VALUES ('Maillot Jaune', 'Damasqueiro', 'Prunus armeniaca', 'Permanente');

INSERT INTO Cultura (VARIEDADECULTURA, NOMECOMUMCULTURA, ESPECIE, TIPOPLANTACAO)
VALUES ('Polonais', 'Damasqueiro', 'Prunus armeniaca', 'Permanente');

INSERT INTO Cultura (VARIEDADECULTURA, NOMECOMUMCULTURA, ESPECIE, TIPOPLANTACAO)
VALUES ('Akane', 'Macieira', 'Malus domestica', 'Permanente');

INSERT INTO Cultura (VARIEDADECULTURA, NOMECOMUMCULTURA, ESPECIE, TIPOPLANTACAO)
VALUES ('Belgolden', 'Macieira', 'Malus domestica', 'Permanente');

INSERT INTO Cultura (VARIEDADECULTURA, NOMECOMUMCULTURA, ESPECIE, TIPOPLANTACAO)
VALUES ('Bravo De Esmolfe', 'Macieira', 'Malus domestica', 'Permanente');

INSERT INTO Cultura (VARIEDADECULTURA, NOMECOMUMCULTURA, ESPECIE, TIPOPLANTACAO)
VALUES ('Casa Nova De Alcobaça', 'Macieira', 'Malus domestica', 'Permanente');

INSERT INTO Cultura (VARIEDADECULTURA, NOMECOMUMCULTURA, ESPECIE, TIPOPLANTACAO)
VALUES ('Erovan', 'Macieira', 'Malus domestica', 'Permanente');

INSERT INTO Cultura (VARIEDADECULTURA, NOMECOMUMCULTURA, ESPECIE, TIPOPLANTACAO)
VALUES ('Fuji', 'Macieira', 'Malus domestica', 'Permanente');

INSERT INTO Cultura (VARIEDADECULTURA, NOMECOMUMCULTURA, ESPECIE, TIPOPLANTACAO)
VALUES ('Granny Smith', 'Macieira', 'Malus domestica', 'Permanente');

INSERT INTO Cultura (VARIEDADECULTURA, NOMECOMUMCULTURA, ESPECIE, TIPOPLANTACAO)
VALUES ('Golden Delicious', 'Macieira', 'Malus domestica', 'Permanente');

INSERT INTO Cultura (VARIEDADECULTURA, NOMECOMUMCULTURA, ESPECIE, TIPOPLANTACAO)
VALUES ('Hi-Early', 'Macieira', 'Malus domestica', 'Permanente');

INSERT INTO Cultura (VARIEDADECULTURA, NOMECOMUMCULTURA, ESPECIE, TIPOPLANTACAO)
VALUES ('Jonagored', 'Macieira', 'Malus domestica', 'Permanente');

INSERT INTO Cultura (VARIEDADECULTURA, NOMECOMUMCULTURA, ESPECIE, TIPOPLANTACAO)
VALUES ('Lysgolden', 'Macieira', 'Malus domestica', 'Permanente');

INSERT INTO Cultura (VARIEDADECULTURA, NOMECOMUMCULTURA, ESPECIE, TIPOPLANTACAO)
VALUES ('Mutsu', 'Macieira', 'Malus domestica', 'Permanente');

INSERT INTO Cultura (VARIEDADECULTURA, NOMECOMUMCULTURA, ESPECIE, TIPOPLANTACAO)
VALUES ('Porta Da Loja', 'Macieira', 'Malus domestica', 'Permanente');

INSERT INTO Cultura (VARIEDADECULTURA, NOMECOMUMCULTURA, ESPECIE, TIPOPLANTACAO)
VALUES ('Reinette Ou Canada', 'Macieira', 'Malus domestica', 'Permanente');

INSERT INTO Cultura (VARIEDADECULTURA, NOMECOMUMCULTURA, ESPECIE, TIPOPLANTACAO)
VALUES ('Reinette Ou Grand Fay', 'Macieira', 'Malus domestica', 'Permanente');

INSERT INTO Cultura (VARIEDADECULTURA, NOMECOMUMCULTURA, ESPECIE, TIPOPLANTACAO)
VALUES ('Riscadinha De Palmela', 'Macieira', 'Malus domestica', 'Permanente');

INSERT INTO Cultura (VARIEDADECULTURA, NOMECOMUMCULTURA, ESPECIE, TIPOPLANTACAO)
VALUES ('Royal Gala', 'Macieira', 'Malus domestica', 'Permanente');

INSERT INTO Cultura (VARIEDADECULTURA, NOMECOMUMCULTURA, ESPECIE, TIPOPLANTACAO)
VALUES ('Redchief', 'Macieira', 'Malus domestica', 'Permanente');

INSERT INTO Cultura (VARIEDADECULTURA, NOMECOMUMCULTURA, ESPECIE, TIPOPLANTACAO)
VALUES ('Starking', 'Macieira', 'Malus domestica', 'Permanente');

INSERT INTO Cultura (VARIEDADECULTURA, NOMECOMUMCULTURA, ESPECIE, TIPOPLANTACAO)
VALUES ('Summer Red', 'Macieira', 'Malus domestica', 'Permanente');

INSERT INTO Cultura (VARIEDADECULTURA, NOMECOMUMCULTURA, ESPECIE, TIPOPLANTACAO)
VALUES ('Well''Spur Delicious', 'Macieira', 'Malus domestica', 'Permanente');

INSERT INTO Cultura (VARIEDADECULTURA, NOMECOMUMCULTURA, ESPECIE, TIPOPLANTACAO)
VALUES ('Noiva', 'Macieira', 'Malus domestica', 'Permanente');

INSERT INTO Cultura (VARIEDADECULTURA, NOMECOMUMCULTURA, ESPECIE, TIPOPLANTACAO)
VALUES ('Olho Aberto', 'Macieira', 'Malus domestica', 'Permanente');

INSERT INTO Cultura (VARIEDADECULTURA, NOMECOMUMCULTURA, ESPECIE, TIPOPLANTACAO)
VALUES ('Camoesa Rosa', 'Macieira', 'Malus domestica', 'Permanente');

INSERT INTO Cultura (VARIEDADECULTURA, NOMECOMUMCULTURA, ESPECIE, TIPOPLANTACAO)
VALUES ('Malápio', 'Macieira', 'Malus domestica', 'Permanente');

INSERT INTO Cultura (VARIEDADECULTURA, NOMECOMUMCULTURA, ESPECIE, TIPOPLANTACAO)
VALUES ('Gronho Doce', 'Macieira', 'Malus domestica', 'Permanente');

INSERT INTO Cultura (VARIEDADECULTURA, NOMECOMUMCULTURA, ESPECIE, TIPOPLANTACAO)
VALUES ('Pé De Boi ', 'Macieira', 'Malus domestica', 'Permanente');

INSERT INTO Cultura (VARIEDADECULTURA, NOMECOMUMCULTURA, ESPECIE, TIPOPLANTACAO)
VALUES ('Pinova', 'Macieira', 'Malus domestica', 'Permanente');

INSERT INTO Cultura (VARIEDADECULTURA, NOMECOMUMCULTURA, ESPECIE, TIPOPLANTACAO)
VALUES ('Pardo Lindo', 'Macieira', 'Malus domestica', 'Permanente');

INSERT INTO Cultura (VARIEDADECULTURA, NOMECOMUMCULTURA, ESPECIE, TIPOPLANTACAO)
VALUES ('Pipo De Basto', 'Macieira', 'Malus domestica', 'Permanente');

INSERT INTO Cultura (VARIEDADECULTURA, NOMECOMUMCULTURA, ESPECIE, TIPOPLANTACAO)
VALUES ('Prima', 'Macieira', 'Malus domestica', 'Permanente');

INSERT INTO Cultura (VARIEDADECULTURA, NOMECOMUMCULTURA, ESPECIE, TIPOPLANTACAO)
VALUES ('Querina', 'Macieira', 'Malus domestica', 'Permanente');

INSERT INTO Cultura (VARIEDADECULTURA, NOMECOMUMCULTURA, ESPECIE, TIPOPLANTACAO)
VALUES ('Vista Bella', 'Macieira', 'Malus domestica', 'Permanente');

INSERT INTO Cultura (VARIEDADECULTURA, NOMECOMUMCULTURA, ESPECIE, TIPOPLANTACAO)
VALUES ('Golden Smoothee', 'Macieira', 'Malus domestica', 'Permanente');

INSERT INTO Cultura (VARIEDADECULTURA, NOMECOMUMCULTURA, ESPECIE, TIPOPLANTACAO)
VALUES ('Golden Suprema', 'Macieira', 'Malus domestica', 'Permanente');

INSERT INTO Cultura (VARIEDADECULTURA, NOMECOMUMCULTURA, ESPECIE, TIPOPLANTACAO)
VALUES ('Gloster 69', 'Macieira', 'Malus domestica', 'Permanente');

INSERT INTO Cultura (VARIEDADECULTURA, NOMECOMUMCULTURA, ESPECIE, TIPOPLANTACAO)
VALUES ('Freedom', 'Macieira', 'Malus domestica', 'Permanente');

INSERT INTO Cultura (VARIEDADECULTURA, NOMECOMUMCULTURA, ESPECIE, TIPOPLANTACAO)
VALUES ('Sninseiki', 'Pera Nashi', 'Pyrus pyrifolia', 'Permanente');

INSERT INTO Cultura (VARIEDADECULTURA, NOMECOMUMCULTURA, ESPECIE, TIPOPLANTACAO)
VALUES ('Kumoi', 'Pera Nashi', 'Pyrus pyrifolia', 'Permanente');

INSERT INTO Cultura (VARIEDADECULTURA, NOMECOMUMCULTURA, ESPECIE, TIPOPLANTACAO)
VALUES ('Hosui', 'Pera Nashi', 'Pyrus pyrifolia', 'Permanente');

INSERT INTO Cultura (VARIEDADECULTURA, NOMECOMUMCULTURA, ESPECIE, TIPOPLANTACAO)
VALUES ('Nijisseiki', 'Pera Nashi', 'Pyrus pyrifolia', 'Permanente');

INSERT INTO Cultura (VARIEDADECULTURA, NOMECOMUMCULTURA, ESPECIE, TIPOPLANTACAO)
VALUES ('Carson Hybrid', 'Cenoura', 'Daucus carota subsp. Sativus', 'Temporária');

INSERT INTO Cultura (VARIEDADECULTURA, NOMECOMUMCULTURA, ESPECIE, TIPOPLANTACAO)
VALUES ('Red Cored Chantenay', 'Cenoura', 'Daucus carota subsp. Sativus', 'Temporária');

INSERT INTO Cultura (VARIEDADECULTURA, NOMECOMUMCULTURA, ESPECIE, TIPOPLANTACAO)
VALUES ('Danvers Half Long', 'Cenoura', 'Daucus carota subsp. Sativus', 'Temporária');

INSERT INTO Cultura (VARIEDADECULTURA, NOMECOMUMCULTURA, ESPECIE, TIPOPLANTACAO)
VALUES ('Imperator 58', 'Cenoura', 'Daucus carota subsp. Sativus', 'Temporária');

INSERT INTO Cultura (VARIEDADECULTURA, NOMECOMUMCULTURA, ESPECIE, TIPOPLANTACAO)
VALUES ('Sugarsnax Hybrid', 'Cenoura', 'Daucus carota subsp. Sativus', 'Temporária');

INSERT INTO Cultura (VARIEDADECULTURA, NOMECOMUMCULTURA, ESPECIE, TIPOPLANTACAO)
VALUES ('Nelson Hybrid', 'Cenoura', 'Daucus carota subsp. Sativus', 'Temporária');

INSERT INTO Cultura (VARIEDADECULTURA, NOMECOMUMCULTURA, ESPECIE, TIPOPLANTACAO)
VALUES ('Scarlet Nantes', 'Cenoura', 'Daucus carota subsp. Sativus', 'Temporária');

INSERT INTO Cultura (VARIEDADECULTURA, NOMECOMUMCULTURA, ESPECIE, TIPOPLANTACAO)
VALUES ('Amarelo', 'Tremoço', 'Lupinus luteus', 'Temporária');

INSERT INTO Cultura (VARIEDADECULTURA, NOMECOMUMCULTURA, ESPECIE, TIPOPLANTACAO)
VALUES ('Branco', 'Tremoço', 'Lupinus albus', 'Temporária');

INSERT INTO Cultura (VARIEDADECULTURA, NOMECOMUMCULTURA, ESPECIE, TIPOPLANTACAO)
VALUES ('Mas 24.C', 'Milho', 'Zea mays', 'Temporária');

INSERT INTO Cultura (VARIEDADECULTURA, NOMECOMUMCULTURA, ESPECIE, TIPOPLANTACAO)
VALUES ('Doce Golden Bantam', 'Milho', 'Zea mays', 'Temporária');

INSERT INTO Cultura (VARIEDADECULTURA, NOMECOMUMCULTURA, ESPECIE, TIPOPLANTACAO)
VALUES ('Senhora Conceição', 'Nabo greleiro', 'Brassica rapa', 'Temporária');

INSERT INTO Cultura (VARIEDADECULTURA, NOMECOMUMCULTURA, ESPECIE, TIPOPLANTACAO)
VALUES ('Cobrançosa', 'Oliveira', 'Olea europaea', 'Permanente');

INSERT INTO Cultura (VARIEDADECULTURA, NOMECOMUMCULTURA, ESPECIE, TIPOPLANTACAO)
VALUES ('Arbequina', 'Oliveira', 'Olea europaea', 'Permanente');

INSERT INTO Cultura (VARIEDADECULTURA, NOMECOMUMCULTURA, ESPECIE, TIPOPLANTACAO)
VALUES ('Hojiblanca', 'Oliveira', 'Olea europaea', 'Permanente');

INSERT INTO Cultura (VARIEDADECULTURA, NOMECOMUMCULTURA, ESPECIE, TIPOPLANTACAO)
VALUES ('Negrinha Do Freixo', 'Oliveira', 'Olea europaea', 'Permanente');

INSERT INTO Cultura (VARIEDADECULTURA, NOMECOMUMCULTURA, ESPECIE, TIPOPLANTACAO)
VALUES ('Picual', 'Oliveira', 'Olea europaea', 'Permanente');

INSERT INTO Cultura (VARIEDADECULTURA, NOMECOMUMCULTURA, ESPECIE, TIPOPLANTACAO)
VALUES ('Maçanilha', 'Oliveira', 'Olea europaea', 'Permanente');

INSERT INTO Cultura (VARIEDADECULTURA, NOMECOMUMCULTURA, ESPECIE, TIPOPLANTACAO)
VALUES ('Conserva De Elvas', 'Oliveira', 'Olea europaea', 'Permanente');

INSERT INTO Cultura (VARIEDADECULTURA, NOMECOMUMCULTURA, ESPECIE, TIPOPLANTACAO)
VALUES ('Galega', 'Oliveira', 'Olea europaea', 'Permanente');

INSERT INTO Cultura (VARIEDADECULTURA, NOMECOMUMCULTURA, ESPECIE, TIPOPLANTACAO)
VALUES ('S. Cosme', 'Nabo', 'Brassica rapa', 'Temporária');

INSERT INTO Cultura (VARIEDADECULTURA, NOMECOMUMCULTURA, ESPECIE, TIPOPLANTACAO)
VALUES ('Dona Maria', 'Videira', 'Vitis vinifera', 'Permanente');

INSERT INTO Cultura (VARIEDADECULTURA, NOMECOMUMCULTURA, ESPECIE, TIPOPLANTACAO)
VALUES ('Cardinal', 'Videira', 'Vitis vinifera', 'Permanente');

INSERT INTO Cultura (VARIEDADECULTURA, NOMECOMUMCULTURA, ESPECIE, TIPOPLANTACAO)
VALUES ('Manteiga', 'Abóbora', 'Cucurbita Moschata var Butternut', 'Temporária');

INSERT INTO CulturaParcela (DESIGNACAOPARCELA, VARIEDADECULTURA, NOMECOMUMCULTURA, DATAINICIAL, DATAFINAL, QUANTIDADE)
VALUES ('Campo da bouça', 'Amarelo', 'Tremoço', to_date('10/10/2020', 'MM/DD/RRRR'), to_date('3/30/2021', 'MM/DD/RRRR'), 1.1);

INSERT INTO CulturaParcela (DESIGNACAOPARCELA, VARIEDADECULTURA, NOMECOMUMCULTURA, DATAINICIAL, DATAFINAL, QUANTIDADE)
VALUES ('Campo da bouça', 'Doce Golden Bantam', 'Milho', to_date('4/10/2021', 'MM/DD/RRRR'), to_date('8/12/2021', 'MM/DD/RRRR'), 0.9);

INSERT INTO CulturaParcela (DESIGNACAOPARCELA, VARIEDADECULTURA, NOMECOMUMCULTURA, DATAINICIAL, DATAFINAL, QUANTIDADE)
VALUES ('Campo grande', 'Galega', 'Oliveira', to_date('10/6/2016', 'MM/DD/RRRR'), NULL, 30);

INSERT INTO CulturaParcela (DESIGNACAOPARCELA, VARIEDADECULTURA, NOMECOMUMCULTURA, DATAINICIAL, DATAFINAL, QUANTIDADE)
VALUES ('Campo Novo', 'Danvers Half Long', 'Cenoura', to_date('10/8/2016', 'MM/DD/RRRR'), to_date('8/21/2022', 'MM/DD/RRRR'), 30);

INSERT INTO CulturaParcela (DESIGNACAOPARCELA, VARIEDADECULTURA, NOMECOMUMCULTURA, DATAINICIAL, DATAFINAL, QUANTIDADE)
VALUES ('Campo grande', 'Picual', 'Oliveira', to_date('10/10/2016', 'MM/DD/RRRR'), NULL, 20);

INSERT INTO CulturaParcela (DESIGNACAOPARCELA, VARIEDADECULTURA, NOMECOMUMCULTURA, DATAINICIAL, DATAFINAL, QUANTIDADE)
VALUES ('Campo do poço', 'Mas 24.C', 'Milho', to_date('4/5/2020', 'MM/DD/RRRR'), to_date('8/20/2020', 'MM/DD/RRRR'), 1.2);

INSERT INTO CulturaParcela (DESIGNACAOPARCELA, VARIEDADECULTURA, NOMECOMUMCULTURA, DATAINICIAL, DATAFINAL, QUANTIDADE)
VALUES ('Campo do poço', 'Amarelo', 'Tremoço', to_date('10/12/2020', 'MM/DD/RRRR'), to_date('3/15/2021', 'MM/DD/RRRR'), 1.3);

INSERT INTO CulturaParcela (DESIGNACAOPARCELA, VARIEDADECULTURA, NOMECOMUMCULTURA, DATAINICIAL, DATAFINAL, QUANTIDADE)
VALUES ('Lameiro da ponte', 'Jonagored', 'Macieira', to_date('1/7/2017', 'MM/DD/RRRR'), NULL, 90);

INSERT INTO CulturaParcela (DESIGNACAOPARCELA, VARIEDADECULTURA, NOMECOMUMCULTURA, DATAINICIAL, DATAFINAL, QUANTIDADE)
VALUES ('Lameiro da ponte', 'Fuji', 'Macieira', to_date('1/8/2017', 'MM/DD/RRRR'), NULL, 60);

INSERT INTO CulturaParcela (DESIGNACAOPARCELA, VARIEDADECULTURA, NOMECOMUMCULTURA, DATAINICIAL, DATAFINAL, QUANTIDADE)
VALUES ('Lameiro da ponte', 'Royal Gala', 'Macieira', to_date('1/8/2017', 'MM/DD/RRRR'), NULL, 40);

INSERT INTO CulturaParcela (DESIGNACAOPARCELA, VARIEDADECULTURA, NOMECOMUMCULTURA, DATAINICIAL, DATAFINAL, QUANTIDADE)
VALUES ('Horta nova', 'Scarlet Nantes', 'Cenoura', to_date('3/10/2020', 'MM/DD/RRRR'), to_date('5/15/2020', 'MM/DD/RRRR'), 0.15);

INSERT INTO CulturaParcela (DESIGNACAOPARCELA, VARIEDADECULTURA, NOMECOMUMCULTURA, DATAINICIAL, DATAFINAL, QUANTIDADE)
VALUES ('Horta nova', 'Nelson Hybrid', 'Cenoura', to_date('6/2/2020', 'MM/DD/RRRR'), to_date('9/8/2020', 'MM/DD/RRRR'), 0.1);

INSERT INTO CulturaParcela (DESIGNACAOPARCELA, VARIEDADECULTURA, NOMECOMUMCULTURA, DATAINICIAL, DATAFINAL, QUANTIDADE)
VALUES ('Horta nova', 'S. Cosme', 'Nabo', to_date('9/20/2020', 'MM/DD/RRRR'), to_date('1/10/2021', 'MM/DD/RRRR'), 0.2);

INSERT INTO CulturaParcela (DESIGNACAOPARCELA, VARIEDADECULTURA, NOMECOMUMCULTURA, DATAINICIAL, DATAFINAL, QUANTIDADE)
VALUES ('Horta nova', 'Sugarsnax Hybrid', 'Cenoura', to_date('3/10/2021', 'MM/DD/RRRR'), to_date('5/15/2021', 'MM/DD/RRRR'), 0.15);

INSERT INTO CulturaParcela (DESIGNACAOPARCELA, VARIEDADECULTURA, NOMECOMUMCULTURA, DATAINICIAL, DATAFINAL, QUANTIDADE)
VALUES ('Horta nova', 'Danvers Half Long', 'Cenoura', to_date('6/2/2021', 'MM/DD/RRRR'), to_date('9/8/2021', 'MM/DD/RRRR'), 0.1);

INSERT INTO CulturaParcela (DESIGNACAOPARCELA, VARIEDADECULTURA, NOMECOMUMCULTURA, DATAINICIAL, DATAFINAL, QUANTIDADE)
VALUES ('Horta nova', 'Senhora Conceição', 'Nabo greleiro', to_date('9/20/2022', 'MM/DD/RRRR'), to_date('1/14/2023', 'MM/DD/RRRR'), 0.25);

INSERT INTO CulturaParcela (DESIGNACAOPARCELA, VARIEDADECULTURA, NOMECOMUMCULTURA, DATAINICIAL, DATAFINAL, QUANTIDADE)
VALUES ('Vinha', 'Dona Maria', 'Videira', to_date('1/10/2018', 'MM/DD/RRRR'), NULL, 500);

INSERT INTO CulturaParcela (DESIGNACAOPARCELA, VARIEDADECULTURA, NOMECOMUMCULTURA, DATAINICIAL, DATAFINAL, QUANTIDADE)
VALUES ('Vinha', 'Cardinal', 'Videira', to_date('1/11/2018', 'MM/DD/RRRR'), NULL, 700);

INSERT INTO CulturaParcela (DESIGNACAOPARCELA, VARIEDADECULTURA, NOMECOMUMCULTURA, DATAINICIAL, DATAFINAL, QUANTIDADE)
VALUES ('Campo grande', 'Arbequina', 'Oliveira', to_date('01/05/17', 'MM/DD/RRRR'), NULL, 40);

INSERT INTO CulturaParcela (DESIGNACAOPARCELA, VARIEDADECULTURA, NOMECOMUMCULTURA, DATAINICIAL, DATAFINAL, QUANTIDADE)
VALUES ('Lameiro do moinho', 'Reinette Ou Canada', 'Macieira', to_date('01/16/22', 'MM/DD/RRRR'), NULL, 90);

INSERT INTO CulturaParcela (DESIGNACAOPARCELA, VARIEDADECULTURA, NOMECOMUMCULTURA, DATAINICIAL, DATAFINAL, QUANTIDADE)
VALUES ('Lameiro do moinho', 'Reinette Ou Grand Fay', 'Macieira', to_date('01/16/22', 'MM/DD/RRRR'), NULL, 120);

INSERT INTO CulturaParcela (DESIGNACAOPARCELA, VARIEDADECULTURA, NOMECOMUMCULTURA, DATAINICIAL, DATAFINAL, QUANTIDADE)
VALUES ('Lameiro do moinho', 'Porta Da Loja', 'Macieira', to_date('01/15/22', 'MM/DD/RRRR'), NULL, 150);

INSERT INTO CulturaParcela (DESIGNACAOPARCELA, VARIEDADECULTURA, NOMECOMUMCULTURA, DATAINICIAL, DATAFINAL, QUANTIDADE)
VALUES ('Lameiro do moinho', 'Pipo De Basto', 'Macieira', to_date('01/16/22', 'MM/DD/RRRR'), NULL, 120);

INSERT INTO CulturaParcela (DESIGNACAOPARCELA, VARIEDADECULTURA, NOMECOMUMCULTURA, DATAINICIAL, DATAFINAL, QUANTIDADE)
VALUES ('Lameiro do moinho', 'Malápio', 'Macieira', to_date('06/01/22', 'MM/DD/RRRR'), NULL, 40);

INSERT INTO CulturaParcela (DESIGNACAOPARCELA, VARIEDADECULTURA, NOMECOMUMCULTURA, DATAINICIAL, DATAFINAL, QUANTIDADE)
VALUES ('Lameiro do moinho', 'Gronho Doce', 'Macieira', to_date('07/01/20', 'MM/DD/RRRR'), NULL, 100);

INSERT INTO CulturaParcela (DESIGNACAOPARCELA, VARIEDADECULTURA, NOMECOMUMCULTURA, DATAINICIAL, DATAFINAL, QUANTIDADE)
VALUES ('Campo Novo', 'Amarelo', 'Tremoço', to_date('10/10/20', 'MM/DD/RRRR'), to_date('03/30/20', 'MM/DD/RRRR'), 1.1);

INSERT INTO CulturaParcela (DESIGNACAOPARCELA, VARIEDADECULTURA, NOMECOMUMCULTURA, DATAINICIAL, DATAFINAL, QUANTIDADE)
VALUES ('Campo Novo', 'Manteiga', 'Abóbora', to_date('11/10/20', 'MM/DD/RRRR'), NULL, 2);

INSERT INTO CulturaParcela (DESIGNACAOPARCELA, VARIEDADECULTURA, NOMECOMUMCULTURA, DATAINICIAL, DATAFINAL, QUANTIDADE)
VALUES ('Campo Novo', 'Sugarsnax Hybrid', 'Cenoura', to_date('03/06/22', 'MM/DD/RRRR'), to_date('05/16/22', 'MM/DD/RRRR'), 0.15);

INSERT INTO ParcelaSetor (DESIGNACAOPARCELA, DESIGNACAOSETOR)
VALUES ('Campo grande', 'Setor 10');

INSERT INTO ParcelaSetor (DESIGNACAOPARCELA, DESIGNACAOSETOR)
VALUES ('Campo grande', 'Setor 11');

INSERT INTO ParcelaSetor (DESIGNACAOPARCELA, DESIGNACAOSETOR)
VALUES ('Lameiro da ponte', 'Setor 21');

INSERT INTO ParcelaSetor (DESIGNACAOPARCELA, DESIGNACAOSETOR)
VALUES ('Lameiro do moinho', 'Setor 21');

INSERT INTO ParcelaSetor (DESIGNACAOPARCELA, DESIGNACAOSETOR)
VALUES ('Lameiro do moinho', 'Setor 22');

INSERT INTO ParcelaSetor (DESIGNACAOPARCELA, DESIGNACAOSETOR)
VALUES ('Campo Novo', 'Setor 41');

INSERT INTO ParcelaSetor (DESIGNACAOPARCELA, DESIGNACAOSETOR)
VALUES ('Campo Novo', 'Setor 42');

INSERT INTO CulturaSetor (DESIGNACAOSETOR, VARIEDADECULTURA, NOMECOMUMCULTURA)
VALUES ('Setor 10', 'Galega', 'Oliveira');

INSERT INTO CulturaSetor (DESIGNACAOSETOR, VARIEDADECULTURA, NOMECOMUMCULTURA)
VALUES ('Setor 10', 'Picual', 'Oliveira');

INSERT INTO CulturaSetor (DESIGNACAOSETOR, VARIEDADECULTURA, NOMECOMUMCULTURA)
VALUES ('Setor 11', 'Arbequina', 'Oliveira');

INSERT INTO CulturaSetor (DESIGNACAOSETOR, VARIEDADECULTURA, NOMECOMUMCULTURA)
VALUES ('Setor 21', 'Jonagored', 'Macieira');

INSERT INTO CulturaSetor (DESIGNACAOSETOR, VARIEDADECULTURA, NOMECOMUMCULTURA)
VALUES ('Setor 21', 'Fuji', 'Macieira');

INSERT INTO CulturaSetor (DESIGNACAOSETOR, VARIEDADECULTURA, NOMECOMUMCULTURA)
VALUES ('Setor 21', 'Royal Gala', 'Macieira');

INSERT INTO CulturaSetor (DESIGNACAOSETOR, VARIEDADECULTURA, NOMECOMUMCULTURA)
VALUES ('Setor 22', 'Porta Da Loja', 'Macieira');

INSERT INTO CulturaSetor (DESIGNACAOSETOR, VARIEDADECULTURA, NOMECOMUMCULTURA)
VALUES ('Setor 22', 'Malápio', 'Macieira');

INSERT INTO CulturaSetor (DESIGNACAOSETOR, VARIEDADECULTURA, NOMECOMUMCULTURA)
VALUES ('Setor 22', 'Reinette Ou Canada', 'Macieira');

INSERT INTO CulturaSetor (DESIGNACAOSETOR, VARIEDADECULTURA, NOMECOMUMCULTURA)
VALUES ('Setor 22', 'Reinette Ou Grand Fay', 'Macieira');

INSERT INTO CulturaSetor (DESIGNACAOSETOR, VARIEDADECULTURA, NOMECOMUMCULTURA)
VALUES ('Setor 22', 'Gronho Doce', 'Macieira');

INSERT INTO CulturaSetor (DESIGNACAOSETOR, VARIEDADECULTURA, NOMECOMUMCULTURA)
VALUES ('Setor 41', 'Sugarsnax Hybrid', 'Cenoura');

INSERT INTO CulturaSetor (DESIGNACAOSETOR, VARIEDADECULTURA, NOMECOMUMCULTURA)
VALUES ('Setor 41', 'Danvers Half Long', 'Cenoura');

INSERT INTO CulturaSetor (DESIGNACAOSETOR, VARIEDADECULTURA, NOMECOMUMCULTURA)
VALUES ('Setor 42', 'Manteiga', 'Abóbora');

INSERT INTO FatorProducaoFabricante (FABRICANTE)
VALUES ('ASCENZA');

INSERT INTO FatorProducaoFabricante (FABRICANTE)
VALUES ('Bayer');

INSERT INTO FatorProducaoFabricante (FABRICANTE)
VALUES ('K+S');

INSERT INTO FatorProducaoFabricante (FABRICANTE)
VALUES ('Biocal');

INSERT INTO FatorProducaoFabricante (FABRICANTE)
VALUES ('Nutrofertil');

INSERT INTO FatorProducaoFabricante (FABRICANTE)
VALUES ('Tecniferti');

INSERT INTO FatorProducaoFabricante (FABRICANTE)
VALUES ('Plymag');

INSERT INTO FatorProducaoFabricante (FABRICANTE)
VALUES ('Asfertglobal');

INSERT INTO FatorProducaoFormato (FORMATO)
VALUES ('Pó molhável');

INSERT INTO FatorProducaoFormato (FORMATO)
VALUES ('Granulado');

INSERT INTO FatorProducaoFormato (FORMATO)
VALUES ('Pó');

INSERT INTO FatorProducaoFormato (FORMATO)
VALUES ('Líquido');

INSERT INTO FatorProducaoFormato (FORMATO)
VALUES ('Emulsão de óleo em água');

INSERT INTO FatorProducaoTipo (TIPO)
VALUES ('Fitofármaco');

INSERT INTO FatorProducaoTipo (TIPO)
VALUES ('Adubo');

INSERT INTO FatorProducaoTipo (TIPO)
VALUES ('Corretor');

INSERT INTO FatorProducaoTipo (TIPO)
VALUES ('Matéria');

INSERT INTO TipoAplicacao (APLICACAO)
VALUES ('Fungicida');

INSERT INTO TipoAplicacao (APLICACAO)
VALUES ('Adubo Solo');

INSERT INTO TipoAplicacao (APLICACAO)
VALUES ('Adubo foliar+Fertirrega');

INSERT INTO TipoAplicacao (APLICACAO)
VALUES ('Adubo foliar');

INSERT INTO TipoAplicacao (APLICACAO)
VALUES ('Correção solo');

INSERT INTO TipoAplicacao (APLICACAO)
VALUES ('Insecticida');

INSERT INTO TipoAplicacao (APLICACAO)
VALUES ('Matéria Orgânica Líquida');

INSERT INTO TipoAplicacao (APLICACAO)
VALUES ('Adubo orgânico');

INSERT INTO TipoAplicacao (APLICACAO)
VALUES ('Adubo líquido');

INSERT INTO FatorProducao (DESIGNACAOFATORPRODUCAO, FABRICANTE, FORMATO, TIPO, PH, DENSIDADEKGPORL)
VALUES ('Calda Bordalesa ASCENZA', 'ASCENZA', 'Pó molhável', 'Fitofármaco', NULL, NULL);

INSERT INTO FatorProducao (DESIGNACAOFATORPRODUCAO, FABRICANTE, FORMATO, TIPO, PH, DENSIDADEKGPORL)
VALUES ('Enxofre Bayer 80 WG', 'Bayer', 'Pó molhável', 'Fitofármaco', NULL, NULL);

INSERT INTO FatorProducao (DESIGNACAOFATORPRODUCAO, FABRICANTE, FORMATO, TIPO, PH, DENSIDADEKGPORL)
VALUES ('Patentkali', 'K+S', 'Granulado', 'Adubo', NULL, NULL);

INSERT INTO FatorProducao (DESIGNACAOFATORPRODUCAO, FABRICANTE, FORMATO, TIPO, PH, DENSIDADEKGPORL)
VALUES ('ESTA Kieserit', 'K+S', 'Granulado', 'Adubo', NULL, NULL);

INSERT INTO FatorProducao (DESIGNACAOFATORPRODUCAO, FABRICANTE, FORMATO, TIPO, PH, DENSIDADEKGPORL)
VALUES ('EPSO Microtop', 'K+S', 'Granulado', 'Adubo', NULL, NULL);

INSERT INTO FatorProducao (DESIGNACAOFATORPRODUCAO, FABRICANTE, FORMATO, TIPO, PH, DENSIDADEKGPORL)
VALUES ('EPSO Top', 'K+S', 'Granulado', 'Adubo', NULL, NULL);

INSERT INTO FatorProducao (DESIGNACAOFATORPRODUCAO, FABRICANTE, FORMATO, TIPO, PH, DENSIDADEKGPORL)
VALUES ('Biocal CaCo3', 'Biocal', 'Granulado', 'Corretor', NULL, NULL);

INSERT INTO FatorProducao (DESIGNACAOFATORPRODUCAO, FABRICANTE, FORMATO, TIPO, PH, DENSIDADEKGPORL)
VALUES ('Biocal Composto', 'Biocal', 'Pó', 'Corretor', NULL, NULL);

INSERT INTO FatorProducao (DESIGNACAOFATORPRODUCAO, FABRICANTE, FORMATO, TIPO, PH, DENSIDADEKGPORL)
VALUES ('Sonata', 'Bayer', 'Líquido', 'Fitofármaco', NULL, NULL);

INSERT INTO FatorProducao (DESIGNACAOFATORPRODUCAO, FABRICANTE, FORMATO, TIPO, PH, DENSIDADEKGPORL)
VALUES ('FLiPPER', 'Bayer', 'Emulsão de óleo em água', 'Fitofármaco', NULL, NULL);

INSERT INTO FatorProducao (DESIGNACAOFATORPRODUCAO, FABRICANTE, FORMATO, TIPO, PH, DENSIDADEKGPORL)
VALUES ('Requiem Prime', 'Bayer', 'Líquido', 'Fitofármaco', NULL, NULL);

INSERT INTO FatorProducao (DESIGNACAOFATORPRODUCAO, FABRICANTE, FORMATO, TIPO, PH, DENSIDADEKGPORL)
VALUES ('Fertimax Extrume de Cavalo', 'Nutrofertil', 'Granulado', 'Adubo', 6.7, NULL);

INSERT INTO FatorProducao (DESIGNACAOFATORPRODUCAO, FABRICANTE, FORMATO, TIPO, PH, DENSIDADEKGPORL)
VALUES ('BIOFERTIL N6', 'Nutrofertil', 'Granulado', 'Adubo', 6.5, NULL);

INSERT INTO FatorProducao (DESIGNACAOFATORPRODUCAO, FABRICANTE, FORMATO, TIPO, PH, DENSIDADEKGPORL)
VALUES ('Tecniferti MOL', 'Tecniferti', 'Líquido', 'Matéria', NULL, NULL);

INSERT INTO FatorProducao (DESIGNACAOFATORPRODUCAO, FABRICANTE, FORMATO, TIPO, PH, DENSIDADEKGPORL)
VALUES ('soluSOP 52', 'K+S', 'Pó molhável', 'Adubo', 7, NULL);

INSERT INTO FatorProducao (DESIGNACAOFATORPRODUCAO, FABRICANTE, FORMATO, TIPO, PH, DENSIDADEKGPORL)
VALUES ('Floracal Flow SL', 'Plymag', 'Líquido', 'Adubo', 7.8, 1.6);

INSERT INTO FatorProducao (DESIGNACAOFATORPRODUCAO, FABRICANTE, FORMATO, TIPO, PH, DENSIDADEKGPORL)
VALUES ('Kiplant AllGrip', 'Asfertglobal', 'Líquido', 'Adubo', NULL, NULL);

INSERT INTO FatorProducao (DESIGNACAOFATORPRODUCAO, FABRICANTE, FORMATO, TIPO, PH, DENSIDADEKGPORL)
VALUES ('Cuperdem', 'Asfertglobal', 'Líquido', 'Adubo', NULL, NULL);

INSERT INTO AplicacaoModo (MODO)
VALUES ('Solo');

INSERT INTO AplicacaoModo (MODO)
VALUES ('Foliar');

INSERT INTO TipoAplicacaoFatorProducao(DESIGNACAOFATORPRODUCAO, APLICACAO)
VALUES ('Calda Bordalesa ASCENZA', 'Fungicida');

INSERT INTO TipoAplicacaoFatorProducao(DESIGNACAOFATORPRODUCAO, APLICACAO)
VALUES ('Enxofre Bayer 80 WG', 'Fungicida');

INSERT INTO TipoAplicacaoFatorProducao(DESIGNACAOFATORPRODUCAO, APLICACAO)
VALUES ('Patentkali', 'Adubo Solo');

INSERT INTO TipoAplicacaoFatorProducao(DESIGNACAOFATORPRODUCAO, APLICACAO)
VALUES ('ESTA Kieserit', 'Adubo Solo');

INSERT INTO TipoAplicacaoFatorProducao(DESIGNACAOFATORPRODUCAO, APLICACAO)
VALUES ('EPSO Microtop', 'Adubo foliar+Fertirrega');

INSERT INTO TipoAplicacaoFatorProducao(DESIGNACAOFATORPRODUCAO, APLICACAO)
VALUES ('EPSO Top', 'Adubo foliar');

INSERT INTO TipoAplicacaoFatorProducao(DESIGNACAOFATORPRODUCAO, APLICACAO)
VALUES ('Biocal CaCo3', 'Correção solo');

INSERT INTO TipoAplicacaoFatorProducao(DESIGNACAOFATORPRODUCAO, APLICACAO)
VALUES ('Biocal Composto', 'Correção solo');

INSERT INTO TipoAplicacaoFatorProducao(DESIGNACAOFATORPRODUCAO, APLICACAO)
VALUES ('Sonata', 'Fungicida');

INSERT INTO TipoAplicacaoFatorProducao(DESIGNACAOFATORPRODUCAO, APLICACAO)
VALUES ('FLiPPER', 'Insecticida');

INSERT INTO TipoAplicacaoFatorProducao(DESIGNACAOFATORPRODUCAO, APLICACAO)
VALUES ('Requiem Prime', 'Insecticida');

INSERT INTO TipoAplicacaoFatorProducao(DESIGNACAOFATORPRODUCAO, APLICACAO)
VALUES ('Fertimax Extrume de Cavalo', 'Adubo Solo');

INSERT INTO TipoAplicacaoFatorProducao(DESIGNACAOFATORPRODUCAO, APLICACAO)
VALUES ('BIOFERTIL N6', 'Adubo Solo');

INSERT INTO TipoAplicacaoFatorProducao(DESIGNACAOFATORPRODUCAO, APLICACAO)
VALUES ('Tecniferti MOL', 'Matéria Orgânica Líquida');

INSERT INTO TipoAplicacaoFatorProducao(DESIGNACAOFATORPRODUCAO, APLICACAO)
VALUES ('soluSOP 52', 'Adubo orgânico');

INSERT INTO TipoAplicacaoFatorProducao(DESIGNACAOFATORPRODUCAO, APLICACAO)
VALUES ('Floracal Flow SL', 'Adubo líquido');

INSERT INTO TipoAplicacaoFatorProducao(DESIGNACAOFATORPRODUCAO, APLICACAO)
VALUES ('Kiplant AllGrip', 'Adubo líquido');

INSERT INTO TipoAplicacaoFatorProducao(DESIGNACAOFATORPRODUCAO, APLICACAO)
VALUES ('Cuperdem', 'Adubo líquido');

INSERT INTO Substancia (DESIGNACAOSUBSTANCIA)
VALUES ('Ácidos gordos (na forma de sais de potássio)');

INSERT INTO Substancia (DESIGNACAOSUBSTANCIA)
VALUES ('B');

INSERT INTO Substancia (DESIGNACAOSUBSTANCIA)
VALUES ('Bacillus pumilus');

INSERT INTO Substancia (DESIGNACAOSUBSTANCIA)
VALUES ('Ca');

INSERT INTO Substancia (DESIGNACAOSUBSTANCIA)
VALUES ('CaCO3');

INSERT INTO Substancia (DESIGNACAOSUBSTANCIA)
VALUES ('CU');

INSERT INTO Substancia (DESIGNACAOSUBSTANCIA)
VALUES ('K');

INSERT INTO Substancia (DESIGNACAOSUBSTANCIA)
VALUES ('K2O');

INSERT INTO Substancia (DESIGNACAOSUBSTANCIA)
VALUES ('Materia organica');

INSERT INTO Substancia (DESIGNACAOSUBSTANCIA)
VALUES ('Mg');

INSERT INTO Substancia (DESIGNACAOSUBSTANCIA)
VALUES ('MgCO3');

INSERT INTO Substancia (DESIGNACAOSUBSTANCIA)
VALUES ('MgO');

INSERT INTO Substancia (DESIGNACAOSUBSTANCIA)
VALUES ('Mn');

INSERT INTO Substancia (DESIGNACAOSUBSTANCIA)
VALUES ('N');

INSERT INTO Substancia (DESIGNACAOSUBSTANCIA)
VALUES ('P2O5');

INSERT INTO Substancia (DESIGNACAOSUBSTANCIA)
VALUES ('S');

INSERT INTO Substancia (DESIGNACAOSUBSTANCIA)
VALUES ('Terpenóides');

INSERT INTO Substancia (DESIGNACAOSUBSTANCIA)
VALUES ('Azoto (N)');

INSERT INTO Substancia (DESIGNACAOSUBSTANCIA)
VALUES ('Azoto orgânico (N)');

INSERT INTO Substancia (DESIGNACAOSUBSTANCIA)
VALUES ('COT');

INSERT INTO Substancia (DESIGNACAOSUBSTANCIA)
VALUES ('AF');

INSERT INTO Substancia (DESIGNACAOSUBSTANCIA)
VALUES ('SO3');

INSERT INTO Substancia (DESIGNACAOSUBSTANCIA)
VALUES ('CaO');

INSERT INTO Substancia (DESIGNACAOSUBSTANCIA)
VALUES ('Cu');

INSERT INTO FatorProducaoSubstancia (DESIGNACAOFATORPRODUCAO, DESIGNACAOSUBSTANCIA, PERCENTAGEM)
VALUES ('Calda Bordalesa ASCENZA', 'CU', 20);

INSERT INTO FatorProducaoSubstancia (DESIGNACAOFATORPRODUCAO, DESIGNACAOSUBSTANCIA, PERCENTAGEM)
VALUES ('Enxofre Bayer 80 WG', 'S', 80);

INSERT INTO FatorProducaoSubstancia (DESIGNACAOFATORPRODUCAO, DESIGNACAOSUBSTANCIA, PERCENTAGEM)
VALUES ('Patentkali', 'K', 24.9);

INSERT INTO FatorProducaoSubstancia (DESIGNACAOFATORPRODUCAO, DESIGNACAOSUBSTANCIA, PERCENTAGEM)
VALUES ('Patentkali', 'Mg', 6);

INSERT INTO FatorProducaoSubstancia (DESIGNACAOFATORPRODUCAO, DESIGNACAOSUBSTANCIA, PERCENTAGEM)
VALUES ('Patentkali', 'S', 17.6);

INSERT INTO FatorProducaoSubstancia (DESIGNACAOFATORPRODUCAO, DESIGNACAOSUBSTANCIA, PERCENTAGEM)
VALUES ('ESTA Kieserit', 'Mg', 15.1);

INSERT INTO FatorProducaoSubstancia (DESIGNACAOFATORPRODUCAO, DESIGNACAOSUBSTANCIA, PERCENTAGEM)
VALUES ('ESTA Kieserit', 'S', 20.8);

INSERT INTO FatorProducaoSubstancia (DESIGNACAOFATORPRODUCAO, DESIGNACAOSUBSTANCIA, PERCENTAGEM)
VALUES ('EPSO Microtop', 'Mg', 9);

INSERT INTO FatorProducaoSubstancia (DESIGNACAOFATORPRODUCAO, DESIGNACAOSUBSTANCIA, PERCENTAGEM)
VALUES ('EPSO Microtop', 'S', 12.4);

INSERT INTO FatorProducaoSubstancia (DESIGNACAOFATORPRODUCAO, DESIGNACAOSUBSTANCIA, PERCENTAGEM)
VALUES ('EPSO Microtop', 'B', 0.9);

INSERT INTO FatorProducaoSubstancia (DESIGNACAOFATORPRODUCAO, DESIGNACAOSUBSTANCIA, PERCENTAGEM)
VALUES ('EPSO Microtop', 'Mn', 1);

INSERT INTO FatorProducaoSubstancia (DESIGNACAOFATORPRODUCAO, DESIGNACAOSUBSTANCIA, PERCENTAGEM)
VALUES ('EPSO Top', 'Mg', 9.6);

INSERT INTO FatorProducaoSubstancia (DESIGNACAOFATORPRODUCAO, DESIGNACAOSUBSTANCIA, PERCENTAGEM)
VALUES ('EPSO Top', 'S', 13);

INSERT INTO FatorProducaoSubstancia (DESIGNACAOFATORPRODUCAO, DESIGNACAOSUBSTANCIA, PERCENTAGEM)
VALUES ('Biocal CaCo3', 'CaCO3', 88.2);

INSERT INTO FatorProducaoSubstancia (DESIGNACAOFATORPRODUCAO, DESIGNACAOSUBSTANCIA, PERCENTAGEM)
VALUES ('Biocal CaCo3', 'MgCO3', 1.9);

INSERT INTO FatorProducaoSubstancia (DESIGNACAOFATORPRODUCAO, DESIGNACAOSUBSTANCIA, PERCENTAGEM)
VALUES ('Biocal Composto', 'CaCO3', 71.7);

INSERT INTO FatorProducaoSubstancia (DESIGNACAOFATORPRODUCAO, DESIGNACAOSUBSTANCIA, PERCENTAGEM)
VALUES ('Biocal Composto', 'MgCO3', 14.8);

INSERT INTO FatorProducaoSubstancia (DESIGNACAOFATORPRODUCAO, DESIGNACAOSUBSTANCIA, PERCENTAGEM)
VALUES ('Biocal Composto', 'MgO', 7.9);

INSERT INTO FatorProducaoSubstancia (DESIGNACAOFATORPRODUCAO, DESIGNACAOSUBSTANCIA, PERCENTAGEM)
VALUES ('Sonata', 'Bacillus pumilus', 97.74);

INSERT INTO FatorProducaoSubstancia (DESIGNACAOFATORPRODUCAO, DESIGNACAOSUBSTANCIA, PERCENTAGEM)
VALUES ('FLiPPER', 'Ácidos gordos (na forma de sais de potássio)', 47.8);

INSERT INTO FatorProducaoSubstancia (DESIGNACAOFATORPRODUCAO, DESIGNACAOSUBSTANCIA, PERCENTAGEM)
VALUES ('Requiem Prime', 'Terpenóides', 14.42);

INSERT INTO FatorProducaoSubstancia (DESIGNACAOFATORPRODUCAO, DESIGNACAOSUBSTANCIA, PERCENTAGEM)
VALUES ('Fertimax Extrume de Cavalo', 'Materia organica', 50);

INSERT INTO FatorProducaoSubstancia (DESIGNACAOFATORPRODUCAO, DESIGNACAOSUBSTANCIA, PERCENTAGEM)
VALUES ('Fertimax Extrume de Cavalo', 'N', 3);

INSERT INTO FatorProducaoSubstancia (DESIGNACAOFATORPRODUCAO, DESIGNACAOSUBSTANCIA, PERCENTAGEM)
VALUES ('Fertimax Extrume de Cavalo', 'P2O5', 0.8);

INSERT INTO FatorProducaoSubstancia (DESIGNACAOFATORPRODUCAO, DESIGNACAOSUBSTANCIA, PERCENTAGEM)
VALUES ('Fertimax Extrume de Cavalo', 'K2O', 40);

INSERT INTO FatorProducaoSubstancia (DESIGNACAOFATORPRODUCAO, DESIGNACAOSUBSTANCIA, PERCENTAGEM)
VALUES ('Fertimax Extrume de Cavalo', 'Ca', 1.6);

INSERT INTO FatorProducaoSubstancia (DESIGNACAOFATORPRODUCAO, DESIGNACAOSUBSTANCIA, PERCENTAGEM)
VALUES ('Fertimax Extrume de Cavalo', 'MgO', 0.3);

INSERT INTO FatorProducaoSubstancia (DESIGNACAOFATORPRODUCAO, DESIGNACAOSUBSTANCIA, PERCENTAGEM)
VALUES ('Fertimax Extrume de Cavalo', 'B', 0.004);

INSERT INTO FatorProducaoSubstancia (DESIGNACAOFATORPRODUCAO, DESIGNACAOSUBSTANCIA, PERCENTAGEM)
VALUES ('BIOFERTIL N6', 'Materia organica', 53);

INSERT INTO FatorProducaoSubstancia (DESIGNACAOFATORPRODUCAO, DESIGNACAOSUBSTANCIA, PERCENTAGEM)
VALUES ('BIOFERTIL N6', 'N', 6.4);

INSERT INTO FatorProducaoSubstancia (DESIGNACAOFATORPRODUCAO, DESIGNACAOSUBSTANCIA, PERCENTAGEM)
VALUES ('BIOFERTIL N6', 'P2O5', 2.5);

INSERT INTO FatorProducaoSubstancia (DESIGNACAOFATORPRODUCAO, DESIGNACAOSUBSTANCIA, PERCENTAGEM)
VALUES ('BIOFERTIL N6', 'K2O', 2.4);

INSERT INTO FatorProducaoSubstancia (DESIGNACAOFATORPRODUCAO, DESIGNACAOSUBSTANCIA, PERCENTAGEM)
VALUES ('BIOFERTIL N6', 'Ca', 6);

INSERT INTO FatorProducaoSubstancia (DESIGNACAOFATORPRODUCAO, DESIGNACAOSUBSTANCIA, PERCENTAGEM)
VALUES ('BIOFERTIL N6', 'MgO', 0.3);

INSERT INTO FatorProducaoSubstancia (DESIGNACAOFATORPRODUCAO, DESIGNACAOSUBSTANCIA, PERCENTAGEM)
VALUES ('BIOFERTIL N6', 'B', 0.002);

INSERT INTO FatorProducaoSubstancia (DESIGNACAOFATORPRODUCAO, DESIGNACAOSUBSTANCIA, PERCENTAGEM)
VALUES ('Tecniferti MOL', 'Materia organica', 27);

INSERT INTO FatorProducaoSubstancia (DESIGNACAOFATORPRODUCAO, DESIGNACAOSUBSTANCIA, PERCENTAGEM)
VALUES ('Tecniferti MOL', 'Azoto (N)', 3.6);

INSERT INTO FatorProducaoSubstancia (DESIGNACAOFATORPRODUCAO, DESIGNACAOSUBSTANCIA, PERCENTAGEM)
VALUES ('Tecniferti MOL', 'Azoto orgânico (N)', 2);

INSERT INTO FatorProducaoSubstancia (DESIGNACAOFATORPRODUCAO, DESIGNACAOSUBSTANCIA, PERCENTAGEM)
VALUES ('Tecniferti MOL', 'P2O5', 1);

INSERT INTO FatorProducaoSubstancia (DESIGNACAOFATORPRODUCAO, DESIGNACAOSUBSTANCIA, PERCENTAGEM)
VALUES ('Tecniferti MOL', 'K2O', 3);

INSERT INTO FatorProducaoSubstancia (DESIGNACAOFATORPRODUCAO, DESIGNACAOSUBSTANCIA, PERCENTAGEM)
VALUES ('Tecniferti MOL', 'COT', 15);

INSERT INTO FatorProducaoSubstancia (DESIGNACAOFATORPRODUCAO, DESIGNACAOSUBSTANCIA, PERCENTAGEM)
VALUES ('Tecniferti MOL', 'AF', 10);

INSERT INTO FatorProducaoSubstancia (DESIGNACAOFATORPRODUCAO, DESIGNACAOSUBSTANCIA, PERCENTAGEM)
VALUES ('soluSOP 52', 'SO3', 45);

INSERT INTO FatorProducaoSubstancia (DESIGNACAOFATORPRODUCAO, DESIGNACAOSUBSTANCIA, PERCENTAGEM)
VALUES ('soluSOP 52', 'K2O', 52.5);

INSERT INTO FatorProducaoSubstancia (DESIGNACAOFATORPRODUCAO, DESIGNACAOSUBSTANCIA, PERCENTAGEM)
VALUES ('Floracal Flow SL', 'CaO', 35);

INSERT INTO FatorProducaoSubstancia (DESIGNACAOFATORPRODUCAO, DESIGNACAOSUBSTANCIA, PERCENTAGEM)
VALUES ('Cuperdem', 'Cu', 6);

INSERT INTO Receita (DESIGNACAO)
VALUES ('Receita 10');

INSERT INTO Receita (DESIGNACAO)
VALUES ('Receita 11');

INSERT INTO ReceitaFator (DESIGNACAORECEITA, DESIGNACAOFATORPRODUCAO, QUANTIDADE, UNIDADE)
VALUES ('Receita 10', 'EPSO Top', 1.5, 'kg/ha');

INSERT INTO ReceitaFator (DESIGNACAORECEITA, DESIGNACAOFATORPRODUCAO, QUANTIDADE, UNIDADE)
VALUES ('Receita 10', 'soluSOP 52', 2.5, 'kg/ha');

INSERT INTO ReceitaFator (DESIGNACAORECEITA, DESIGNACAOFATORPRODUCAO, QUANTIDADE, UNIDADE)
VALUES ('Receita 10', 'Floracal Flow SL', 1.7, 'l/ha');

INSERT INTO ReceitaFator (DESIGNACAORECEITA, DESIGNACAOFATORPRODUCAO, QUANTIDADE, UNIDADE)
VALUES ('Receita 11', 'Tecniferti MOL', 60, 'l/ha');

INSERT INTO ReceitaFator (DESIGNACAORECEITA, DESIGNACAOFATORPRODUCAO, QUANTIDADE, UNIDADE)
VALUES ('Receita 11', 'Kiplant AllGrip', 2, 'l/ha');

INSERT INTO ProdutoAgricola (PRODUTOAGRICOLADESIGNACAO)
VALUES ('Ameixa Rainha Claudia Caranguejeira');

INSERT INTO ProdutoAgricola (PRODUTOAGRICOLADESIGNACAO)
VALUES ('Ameixa President');

INSERT INTO ProdutoAgricola (PRODUTOAGRICOLADESIGNACAO)
VALUES ('Ameixa Stanley');

INSERT INTO ProdutoAgricola (PRODUTOAGRICOLADESIGNACAO)
VALUES ('Ameixa Angeleno');

INSERT INTO ProdutoAgricola (PRODUTOAGRICOLADESIGNACAO)
VALUES ('Ameixa Black Beauty');

INSERT INTO ProdutoAgricola (PRODUTOAGRICOLADESIGNACAO)
VALUES ('Ameixa Black Star');

INSERT INTO ProdutoAgricola (PRODUTOAGRICOLADESIGNACAO)
VALUES ('Ameixa Black Gold');

INSERT INTO ProdutoAgricola (PRODUTOAGRICOLADESIGNACAO)
VALUES ('Ameixa Black Diamond');

INSERT INTO ProdutoAgricola (PRODUTOAGRICOLADESIGNACAO)
VALUES ('Ameixa Black Amber');

INSERT INTO ProdutoAgricola (PRODUTOAGRICOLADESIGNACAO)
VALUES ('Ameixa Black Splendor');

INSERT INTO ProdutoAgricola (PRODUTOAGRICOLADESIGNACAO)
VALUES ('Ameixa Fortuna');

INSERT INTO ProdutoAgricola (PRODUTOAGRICOLADESIGNACAO)
VALUES ('Ameixa Friar');

INSERT INTO ProdutoAgricola (PRODUTOAGRICOLADESIGNACAO)
VALUES ('Ameixa El Dorado');

INSERT INTO ProdutoAgricola (PRODUTOAGRICOLADESIGNACAO)
VALUES ('Ameixa Elephant Heart');

INSERT INTO ProdutoAgricola (PRODUTOAGRICOLADESIGNACAO)
VALUES ('Ameixa Golden Japan');

INSERT INTO ProdutoAgricola (PRODUTOAGRICOLADESIGNACAO)
VALUES ('Ameixa Harry Pitchon');

INSERT INTO ProdutoAgricola (PRODUTOAGRICOLADESIGNACAO)
VALUES ('Ameixa Laetitia');

INSERT INTO ProdutoAgricola (PRODUTOAGRICOLADESIGNACAO)
VALUES ('Ameixa Metley');

INSERT INTO ProdutoAgricola (PRODUTOAGRICOLADESIGNACAO)
VALUES ('Ameixa Mirabelle De Nancy');

INSERT INTO ProdutoAgricola (PRODUTOAGRICOLADESIGNACAO)
VALUES ('Ameixa Queen Rose');

INSERT INTO ProdutoAgricola (PRODUTOAGRICOLADESIGNACAO)
VALUES ('Ameixa Red Beaut');

INSERT INTO ProdutoAgricola (PRODUTOAGRICOLADESIGNACAO)
VALUES ('Ameixa Santa Rosa');

INSERT INTO ProdutoAgricola (PRODUTOAGRICOLADESIGNACAO)
VALUES ('Ameixa Shiro');

INSERT INTO ProdutoAgricola (PRODUTOAGRICOLADESIGNACAO)
VALUES ('Ameixa Sungold');

INSERT INTO ProdutoAgricola (PRODUTOAGRICOLADESIGNACAO)
VALUES ('Ameixa Wilson Perfection');

INSERT INTO ProdutoAgricola (PRODUTOAGRICOLADESIGNACAO)
VALUES ('Ameixa Autumn Giant');

INSERT INTO ProdutoAgricola (PRODUTOAGRICOLADESIGNACAO)
VALUES ('Damasqueiro Bulida');

INSERT INTO ProdutoAgricola (PRODUTOAGRICOLADESIGNACAO)
VALUES ('Damasqueiro Canino');

INSERT INTO ProdutoAgricola (PRODUTOAGRICOLADESIGNACAO)
VALUES ('Damasqueiro Liabaud');

INSERT INTO ProdutoAgricola (PRODUTOAGRICOLADESIGNACAO)
VALUES ('Damasqueiro Maillot Jaune');

INSERT INTO ProdutoAgricola (PRODUTOAGRICOLADESIGNACAO)
VALUES ('Damasqueiro Polonais');

INSERT INTO ProdutoAgricola (PRODUTOAGRICOLADESIGNACAO)
VALUES ('Maçã Akane');

INSERT INTO ProdutoAgricola (PRODUTOAGRICOLADESIGNACAO)
VALUES ('Maçã Belgolden');

INSERT INTO ProdutoAgricola (PRODUTOAGRICOLADESIGNACAO)
VALUES ('Maçã Bravo De Esmolfe');

INSERT INTO ProdutoAgricola (PRODUTOAGRICOLADESIGNACAO)
VALUES ('Maçã Casa Nova De Alcobaça');

INSERT INTO ProdutoAgricola (PRODUTOAGRICOLADESIGNACAO)
VALUES ('Maçã Erovan');

INSERT INTO ProdutoAgricola (PRODUTOAGRICOLADESIGNACAO)
VALUES ('Maçã Fuji');

INSERT INTO ProdutoAgricola (PRODUTOAGRICOLADESIGNACAO)
VALUES ('Maçã Granny Smith');

INSERT INTO ProdutoAgricola (PRODUTOAGRICOLADESIGNACAO)
VALUES ('Maçã Golden Delicious');

INSERT INTO ProdutoAgricola (PRODUTOAGRICOLADESIGNACAO)
VALUES ('Maçã Hi-Early');

INSERT INTO ProdutoAgricola (PRODUTOAGRICOLADESIGNACAO)
VALUES ('Maçã Jonagored');

INSERT INTO ProdutoAgricola (PRODUTOAGRICOLADESIGNACAO)
VALUES ('Maçã Royal Jonagored');

INSERT INTO ProdutoAgricola (PRODUTOAGRICOLADESIGNACAO)
VALUES ('Maçã Lysgolden');

INSERT INTO ProdutoAgricola (PRODUTOAGRICOLADESIGNACAO)
VALUES ('Maçã Mutsu');

INSERT INTO ProdutoAgricola (PRODUTOAGRICOLADESIGNACAO)
VALUES ('Maçã Porta Da Loja');

INSERT INTO ProdutoAgricola (PRODUTOAGRICOLADESIGNACAO)
VALUES ('Maçã Canada');

INSERT INTO ProdutoAgricola (PRODUTOAGRICOLADESIGNACAO)
VALUES ('Maçã Grand Fay');

INSERT INTO ProdutoAgricola (PRODUTOAGRICOLADESIGNACAO)
VALUES ('Maçã Riscadinha De Palmela');

INSERT INTO ProdutoAgricola (PRODUTOAGRICOLADESIGNACAO)
VALUES ('Maçã Royal Gala');

INSERT INTO ProdutoAgricola (PRODUTOAGRICOLADESIGNACAO)
VALUES ('Maçã Redchief');

INSERT INTO ProdutoAgricola (PRODUTOAGRICOLADESIGNACAO)
VALUES ('Maçã Starking');

INSERT INTO ProdutoAgricola (PRODUTOAGRICOLADESIGNACAO)
VALUES ('Maçã Summer Red');

INSERT INTO ProdutoAgricola (PRODUTOAGRICOLADESIGNACAO)
VALUES ('Maçã Well''Spur Delicious');

INSERT INTO ProdutoAgricola (PRODUTOAGRICOLADESIGNACAO)
VALUES ('Maçã Noiva');

INSERT INTO ProdutoAgricola (PRODUTOAGRICOLADESIGNACAO)
VALUES ('Maçã Olho Aberto');

INSERT INTO ProdutoAgricola (PRODUTOAGRICOLADESIGNACAO)
VALUES ('Maçã Camoesa Rosa');

INSERT INTO ProdutoAgricola (PRODUTOAGRICOLADESIGNACAO)
VALUES ('Maçã Malápio');

INSERT INTO ProdutoAgricola (PRODUTOAGRICOLADESIGNACAO)
VALUES ('Maçã Gronho Doce');

INSERT INTO ProdutoAgricola (PRODUTOAGRICOLADESIGNACAO)
VALUES ('Maçã Pé De Boi ');

INSERT INTO ProdutoAgricola (PRODUTOAGRICOLADESIGNACAO)
VALUES ('Maçã Pinova');

INSERT INTO ProdutoAgricola (PRODUTOAGRICOLADESIGNACAO)
VALUES ('Maçã Pardo Lindo');

INSERT INTO ProdutoAgricola (PRODUTOAGRICOLADESIGNACAO)
VALUES ('Maçã Pipo De Basto');

INSERT INTO ProdutoAgricola (PRODUTOAGRICOLADESIGNACAO)
VALUES ('Maçã Prima');

INSERT INTO ProdutoAgricola (PRODUTOAGRICOLADESIGNACAO)
VALUES ('Maçã Querina');

INSERT INTO ProdutoAgricola (PRODUTOAGRICOLADESIGNACAO)
VALUES ('Maçã Vista Bella');

INSERT INTO ProdutoAgricola (PRODUTOAGRICOLADESIGNACAO)
VALUES ('Maçã Golden Smoothee');

INSERT INTO ProdutoAgricola (PRODUTOAGRICOLADESIGNACAO)
VALUES ('Maçã Golden Suprema');

INSERT INTO ProdutoAgricola (PRODUTOAGRICOLADESIGNACAO)
VALUES ('Maçã Gloster 69');

INSERT INTO ProdutoAgricola (PRODUTOAGRICOLADESIGNACAO)
VALUES ('Maçã Freedom');

INSERT INTO ProdutoAgricola (PRODUTOAGRICOLADESIGNACAO)
VALUES ('Pera Nashi Sninseiki');

INSERT INTO ProdutoAgricola (PRODUTOAGRICOLADESIGNACAO)
VALUES ('Pera Nashi Kumoi');

INSERT INTO ProdutoAgricola (PRODUTOAGRICOLADESIGNACAO)
VALUES ('Pera Nashi Hosui');

INSERT INTO ProdutoAgricola (PRODUTOAGRICOLADESIGNACAO)
VALUES ('Pera Nashi Nijisseiki');

INSERT INTO ProdutoAgricola (PRODUTOAGRICOLADESIGNACAO)
VALUES ('Cenoura Carson Hybrid');

INSERT INTO ProdutoAgricola (PRODUTOAGRICOLADESIGNACAO)
VALUES ('Cenoura Red Cored Chantenay');

INSERT INTO ProdutoAgricola (PRODUTOAGRICOLADESIGNACAO)
VALUES ('Cenoura Danvers Half Long');

INSERT INTO ProdutoAgricola (PRODUTOAGRICOLADESIGNACAO)
VALUES ('Cenoura Imperator 58');

INSERT INTO ProdutoAgricola (PRODUTOAGRICOLADESIGNACAO)
VALUES ('Cenoura Sugarsnax Hybrid');

INSERT INTO ProdutoAgricola (PRODUTOAGRICOLADESIGNACAO)
VALUES ('Cenoura Nelson Hybrid');

INSERT INTO ProdutoAgricola (PRODUTOAGRICOLADESIGNACAO)
VALUES ('Cenoura Scarlet Nantes');

INSERT INTO ProdutoAgricola (PRODUTOAGRICOLADESIGNACAO)
VALUES ('Tremoço Amarelo');

INSERT INTO ProdutoAgricola (PRODUTOAGRICOLADESIGNACAO)
VALUES ('Tremoço Branco');

INSERT INTO ProdutoAgricola (PRODUTOAGRICOLADESIGNACAO)
VALUES ('Milho Mas 24.C');

INSERT INTO ProdutoAgricola (PRODUTOAGRICOLADESIGNACAO)
VALUES ('Milho Doce Golden Bantam');

INSERT INTO ProdutoAgricola (PRODUTOAGRICOLADESIGNACAO)
VALUES ('Nabo Greleiro Senhora Conceição');

INSERT INTO ProdutoAgricola (PRODUTOAGRICOLADESIGNACAO)
VALUES ('Azeitona Cobrançosa');

INSERT INTO ProdutoAgricola (PRODUTOAGRICOLADESIGNACAO)
VALUES ('Azeitona Arbequina');

INSERT INTO ProdutoAgricola (PRODUTOAGRICOLADESIGNACAO)
VALUES ('Azeitona Hojiblanca');

INSERT INTO ProdutoAgricola (PRODUTOAGRICOLADESIGNACAO)
VALUES ('Azeitona Negrinha Do Freixo');

INSERT INTO ProdutoAgricola (PRODUTOAGRICOLADESIGNACAO)
VALUES ('Azeitona Picual');

INSERT INTO ProdutoAgricola (PRODUTOAGRICOLADESIGNACAO)
VALUES ('Azeitona Maçanilha');

INSERT INTO ProdutoAgricola (PRODUTOAGRICOLADESIGNACAO)
VALUES ('Azeitona Conserva De Elvas');

INSERT INTO ProdutoAgricola (PRODUTOAGRICOLADESIGNACAO)
VALUES ('Azeitona Galega');

INSERT INTO ProdutoAgricola (PRODUTOAGRICOLADESIGNACAO)
VALUES ('Nabo S. Cosme');

INSERT INTO ProdutoAgricola (PRODUTOAGRICOLADESIGNACAO)
VALUES ('Uva Dona Maria');

INSERT INTO ProdutoAgricola (PRODUTOAGRICOLADESIGNACAO)
VALUES ('Uva Cardinal');

INSERT INTO ProdutoAgricola (PRODUTOAGRICOLADESIGNACAO)
VALUES ('Abóbora Manteiga');

INSERT INTO ProdutoAgricolaCultura (PRODUTOAGRICOLADESIGNACAO, VARIEDADECULTURA, NOMECOMUM)
VALUES ('Ameixa Rainha Claudia Caranguejeira', 'Rainha Claudia Caranguejeira', 'Ameixoeira');

INSERT INTO ProdutoAgricolaCultura (PRODUTOAGRICOLADESIGNACAO, VARIEDADECULTURA, NOMECOMUM)
VALUES ('Ameixa President', 'President', 'Ameixoeira');

INSERT INTO ProdutoAgricolaCultura (PRODUTOAGRICOLADESIGNACAO, VARIEDADECULTURA, NOMECOMUM)
VALUES ('Ameixa Stanley', 'Stanley', 'Ameixoeira');

INSERT INTO ProdutoAgricolaCultura (PRODUTOAGRICOLADESIGNACAO, VARIEDADECULTURA, NOMECOMUM)
VALUES ('Ameixa Angeleno', 'Angeleno', 'Ameixoeira');

INSERT INTO ProdutoAgricolaCultura (PRODUTOAGRICOLADESIGNACAO, VARIEDADECULTURA, NOMECOMUM)
VALUES ('Ameixa Black Beauty', 'Black Beauty', 'Ameixoeira');

INSERT INTO ProdutoAgricolaCultura (PRODUTOAGRICOLADESIGNACAO, VARIEDADECULTURA, NOMECOMUM)
VALUES ('Ameixa Black Star', 'Black Star', 'Ameixoeira');

INSERT INTO ProdutoAgricolaCultura (PRODUTOAGRICOLADESIGNACAO, VARIEDADECULTURA, NOMECOMUM)
VALUES ('Ameixa Black Gold', 'Black Gold', 'Ameixoeira');

INSERT INTO ProdutoAgricolaCultura (PRODUTOAGRICOLADESIGNACAO, VARIEDADECULTURA, NOMECOMUM)
VALUES ('Ameixa Black Diamond', 'Black Diamond', 'Ameixoeira');

INSERT INTO ProdutoAgricolaCultura (PRODUTOAGRICOLADESIGNACAO, VARIEDADECULTURA, NOMECOMUM)
VALUES ('Ameixa Black Amber', 'Black Amber', 'Ameixoeira');

INSERT INTO ProdutoAgricolaCultura (PRODUTOAGRICOLADESIGNACAO, VARIEDADECULTURA, NOMECOMUM)
VALUES ('Ameixa Black Splendor', 'Black Splendor', 'Ameixoeira');

INSERT INTO ProdutoAgricolaCultura (PRODUTOAGRICOLADESIGNACAO, VARIEDADECULTURA, NOMECOMUM)
VALUES ('Ameixa Fortuna', 'Fortuna', 'Ameixoeira');

INSERT INTO ProdutoAgricolaCultura (PRODUTOAGRICOLADESIGNACAO, VARIEDADECULTURA, NOMECOMUM)
VALUES ('Ameixa Friar', 'Friar', 'Ameixoeira');

INSERT INTO ProdutoAgricolaCultura (PRODUTOAGRICOLADESIGNACAO, VARIEDADECULTURA, NOMECOMUM)
VALUES ('Ameixa El Dorado', 'El Dorado', 'Ameixoeira');

INSERT INTO ProdutoAgricolaCultura (PRODUTOAGRICOLADESIGNACAO, VARIEDADECULTURA, NOMECOMUM)
VALUES ('Ameixa Elephant Heart', 'Elephant Heart', 'Ameixoeira');

INSERT INTO ProdutoAgricolaCultura (PRODUTOAGRICOLADESIGNACAO, VARIEDADECULTURA, NOMECOMUM)
VALUES ('Ameixa Golden Japan', 'Golden Japan', 'Ameixoeira');

INSERT INTO ProdutoAgricolaCultura (PRODUTOAGRICOLADESIGNACAO, VARIEDADECULTURA, NOMECOMUM)
VALUES ('Ameixa Harry Pitchon', 'Harry Pitchon', 'Ameixoeira');

INSERT INTO ProdutoAgricolaCultura (PRODUTOAGRICOLADESIGNACAO, VARIEDADECULTURA, NOMECOMUM)
VALUES ('Ameixa Laetitia', 'Laetitia', 'Ameixoeira');

INSERT INTO ProdutoAgricolaCultura (PRODUTOAGRICOLADESIGNACAO, VARIEDADECULTURA, NOMECOMUM)
VALUES ('Ameixa Metley', 'Metley', 'Ameixoeira');

INSERT INTO ProdutoAgricolaCultura (PRODUTOAGRICOLADESIGNACAO, VARIEDADECULTURA, NOMECOMUM)
VALUES ('Ameixa Mirabelle De Nancy', 'Mirabelle De Nancy', 'Ameixoeira');

INSERT INTO ProdutoAgricolaCultura (PRODUTOAGRICOLADESIGNACAO, VARIEDADECULTURA, NOMECOMUM)
VALUES ('Ameixa Queen Rose', 'Queen Rose', 'Ameixoeira');

INSERT INTO ProdutoAgricolaCultura (PRODUTOAGRICOLADESIGNACAO, VARIEDADECULTURA, NOMECOMUM)
VALUES ('Ameixa Red Beaut', 'Red Beaut', 'Ameixoeira');

INSERT INTO ProdutoAgricolaCultura (PRODUTOAGRICOLADESIGNACAO, VARIEDADECULTURA, NOMECOMUM)
VALUES ('Ameixa Santa Rosa', 'Santa Rosa', 'Ameixoeira');

INSERT INTO ProdutoAgricolaCultura (PRODUTOAGRICOLADESIGNACAO, VARIEDADECULTURA, NOMECOMUM)
VALUES ('Ameixa Shiro', 'Shiro', 'Ameixoeira');

INSERT INTO ProdutoAgricolaCultura (PRODUTOAGRICOLADESIGNACAO, VARIEDADECULTURA, NOMECOMUM)
VALUES ('Ameixa Sungold', 'Sungold', 'Ameixoeira');

INSERT INTO ProdutoAgricolaCultura (PRODUTOAGRICOLADESIGNACAO, VARIEDADECULTURA, NOMECOMUM)
VALUES ('Ameixa Wilson Perfection', 'Wilson Perfection', 'Ameixoeira');

INSERT INTO ProdutoAgricolaCultura (PRODUTOAGRICOLADESIGNACAO, VARIEDADECULTURA, NOMECOMUM)
VALUES ('Ameixa Autumn Giant', 'Autumn Giant', 'Ameixoeira');

INSERT INTO ProdutoAgricolaCultura (PRODUTOAGRICOLADESIGNACAO, VARIEDADECULTURA, NOMECOMUM)
VALUES ('Damasqueiro Bulida', 'Bulida', 'Damasqueiro');

INSERT INTO ProdutoAgricolaCultura (PRODUTOAGRICOLADESIGNACAO, VARIEDADECULTURA, NOMECOMUM)
VALUES ('Damasqueiro Canino', 'Canino', 'Damasqueiro');

INSERT INTO ProdutoAgricolaCultura (PRODUTOAGRICOLADESIGNACAO, VARIEDADECULTURA, NOMECOMUM)
VALUES ('Damasqueiro Liabaud', 'Liabaud', 'Damasqueiro');

INSERT INTO ProdutoAgricolaCultura (PRODUTOAGRICOLADESIGNACAO, VARIEDADECULTURA, NOMECOMUM)
VALUES ('Damasqueiro Maillot Jaune', 'Maillot Jaune', 'Damasqueiro');

INSERT INTO ProdutoAgricolaCultura (PRODUTOAGRICOLADESIGNACAO, VARIEDADECULTURA, NOMECOMUM)
VALUES ('Damasqueiro Polonais', 'Polonais', 'Damasqueiro');

INSERT INTO ProdutoAgricolaCultura (PRODUTOAGRICOLADESIGNACAO, VARIEDADECULTURA, NOMECOMUM)
VALUES ('Maçã Akane', 'Akane', 'Macieira');

INSERT INTO ProdutoAgricolaCultura (PRODUTOAGRICOLADESIGNACAO, VARIEDADECULTURA, NOMECOMUM)
VALUES ('Maçã Belgolden', 'Belgolden', 'Macieira');

INSERT INTO ProdutoAgricolaCultura (PRODUTOAGRICOLADESIGNACAO, VARIEDADECULTURA, NOMECOMUM)
VALUES ('Maçã Bravo De Esmolfe', 'Bravo De Esmolfe', 'Macieira');

INSERT INTO ProdutoAgricolaCultura (PRODUTOAGRICOLADESIGNACAO, VARIEDADECULTURA, NOMECOMUM)
VALUES ('Maçã Casa Nova De Alcobaça', 'Casa Nova De Alcobaça', 'Macieira');

INSERT INTO ProdutoAgricolaCultura (PRODUTOAGRICOLADESIGNACAO, VARIEDADECULTURA, NOMECOMUM)
VALUES ('Maçã Erovan', 'Erovan', 'Macieira');

INSERT INTO ProdutoAgricolaCultura (PRODUTOAGRICOLADESIGNACAO, VARIEDADECULTURA, NOMECOMUM)
VALUES ('Maçã Fuji', 'Fuji', 'Macieira');

INSERT INTO ProdutoAgricolaCultura (PRODUTOAGRICOLADESIGNACAO, VARIEDADECULTURA, NOMECOMUM)
VALUES ('Maçã Granny Smith', 'Granny Smith', 'Macieira');

INSERT INTO ProdutoAgricolaCultura (PRODUTOAGRICOLADESIGNACAO, VARIEDADECULTURA, NOMECOMUM)
VALUES ('Maçã Golden Delicious', 'Golden Delicious', 'Macieira');

INSERT INTO ProdutoAgricolaCultura (PRODUTOAGRICOLADESIGNACAO, VARIEDADECULTURA, NOMECOMUM)
VALUES ('Maçã Hi-Early', 'Hi-Early', 'Macieira');

INSERT INTO ProdutoAgricolaCultura (PRODUTOAGRICOLADESIGNACAO, VARIEDADECULTURA, NOMECOMUM)
VALUES ('Maçã Jonagored', 'Jonagored', 'Macieira');

INSERT INTO ProdutoAgricolaCultura (PRODUTOAGRICOLADESIGNACAO, VARIEDADECULTURA, NOMECOMUM)
VALUES ('Maçã Lysgolden', 'Lysgolden', 'Macieira');

INSERT INTO ProdutoAgricolaCultura (PRODUTOAGRICOLADESIGNACAO, VARIEDADECULTURA, NOMECOMUM)
VALUES ('Maçã Mutsu', 'Mutsu', 'Macieira');

INSERT INTO ProdutoAgricolaCultura (PRODUTOAGRICOLADESIGNACAO, VARIEDADECULTURA, NOMECOMUM)
VALUES ('Maçã Porta Da Loja', 'Porta Da Loja', 'Macieira');

INSERT INTO ProdutoAgricolaCultura (PRODUTOAGRICOLADESIGNACAO, VARIEDADECULTURA, NOMECOMUM)
VALUES ('Maçã Canada', 'Reinette Ou Canada', 'Macieira');

INSERT INTO ProdutoAgricolaCultura (PRODUTOAGRICOLADESIGNACAO, VARIEDADECULTURA, NOMECOMUM)
VALUES ('Maçã Grand Fay', 'Reinette Ou Grand Fay', 'Macieira');

INSERT INTO ProdutoAgricolaCultura (PRODUTOAGRICOLADESIGNACAO, VARIEDADECULTURA, NOMECOMUM)
VALUES ('Maçã Riscadinha De Palmela', 'Riscadinha De Palmela', 'Macieira');

INSERT INTO ProdutoAgricolaCultura (PRODUTOAGRICOLADESIGNACAO, VARIEDADECULTURA, NOMECOMUM)
VALUES ('Maçã Royal Gala', 'Royal Gala', 'Macieira');

INSERT INTO ProdutoAgricolaCultura (PRODUTOAGRICOLADESIGNACAO, VARIEDADECULTURA, NOMECOMUM)
VALUES ('Maçã Redchief', 'Redchief', 'Macieira');

INSERT INTO ProdutoAgricolaCultura (PRODUTOAGRICOLADESIGNACAO, VARIEDADECULTURA, NOMECOMUM)
VALUES ('Maçã Starking', 'Starking', 'Macieira');

INSERT INTO ProdutoAgricolaCultura (PRODUTOAGRICOLADESIGNACAO, VARIEDADECULTURA, NOMECOMUM)
VALUES ('Maçã Summer Red', 'Summer Red', 'Macieira');

INSERT INTO ProdutoAgricolaCultura (PRODUTOAGRICOLADESIGNACAO, VARIEDADECULTURA, NOMECOMUM)
VALUES ('Maçã Well''Spur Delicious', 'Well''Spur Delicious', 'Macieira');

INSERT INTO ProdutoAgricolaCultura (PRODUTOAGRICOLADESIGNACAO, VARIEDADECULTURA, NOMECOMUM)
VALUES ('Maçã Noiva', 'Noiva', 'Macieira');

INSERT INTO ProdutoAgricolaCultura (PRODUTOAGRICOLADESIGNACAO, VARIEDADECULTURA, NOMECOMUM)
VALUES ('Maçã Olho Aberto', 'Olho Aberto', 'Macieira');

INSERT INTO ProdutoAgricolaCultura (PRODUTOAGRICOLADESIGNACAO, VARIEDADECULTURA, NOMECOMUM)
VALUES ('Maçã Camoesa Rosa', 'Camoesa Rosa', 'Macieira');

INSERT INTO ProdutoAgricolaCultura (PRODUTOAGRICOLADESIGNACAO, VARIEDADECULTURA, NOMECOMUM)
VALUES ('Maçã Malápio', 'Malápio', 'Macieira');

INSERT INTO ProdutoAgricolaCultura (PRODUTOAGRICOLADESIGNACAO, VARIEDADECULTURA, NOMECOMUM)
VALUES ('Maçã Gronho Doce', 'Gronho Doce', 'Macieira');

INSERT INTO ProdutoAgricolaCultura (PRODUTOAGRICOLADESIGNACAO, VARIEDADECULTURA, NOMECOMUM)
VALUES ('Maçã Pé De Boi ', 'Pé De Boi ', 'Macieira');

INSERT INTO ProdutoAgricolaCultura (PRODUTOAGRICOLADESIGNACAO, VARIEDADECULTURA, NOMECOMUM)
VALUES ('Maçã Pinova', 'Pinova', 'Macieira');

INSERT INTO ProdutoAgricolaCultura (PRODUTOAGRICOLADESIGNACAO, VARIEDADECULTURA, NOMECOMUM)
VALUES ('Maçã Pardo Lindo', 'Pardo Lindo', 'Macieira');

INSERT INTO ProdutoAgricolaCultura (PRODUTOAGRICOLADESIGNACAO, VARIEDADECULTURA, NOMECOMUM)
VALUES ('Maçã Pipo De Basto', 'Pipo De Basto', 'Macieira');

INSERT INTO ProdutoAgricolaCultura (PRODUTOAGRICOLADESIGNACAO, VARIEDADECULTURA, NOMECOMUM)
VALUES ('Maçã Prima', 'Prima', 'Macieira');

INSERT INTO ProdutoAgricolaCultura (PRODUTOAGRICOLADESIGNACAO, VARIEDADECULTURA, NOMECOMUM)
VALUES ('Maçã Querina', 'Querina', 'Macieira');

INSERT INTO ProdutoAgricolaCultura (PRODUTOAGRICOLADESIGNACAO, VARIEDADECULTURA, NOMECOMUM)
VALUES ('Maçã Vista Bella', 'Vista Bella', 'Macieira');

INSERT INTO ProdutoAgricolaCultura (PRODUTOAGRICOLADESIGNACAO, VARIEDADECULTURA, NOMECOMUM)
VALUES ('Maçã Golden Smoothee', 'Golden Smoothee', 'Macieira');

INSERT INTO ProdutoAgricolaCultura (PRODUTOAGRICOLADESIGNACAO, VARIEDADECULTURA, NOMECOMUM)
VALUES ('Maçã Golden Suprema', 'Golden Suprema', 'Macieira');

INSERT INTO ProdutoAgricolaCultura (PRODUTOAGRICOLADESIGNACAO, VARIEDADECULTURA, NOMECOMUM)
VALUES ('Maçã Gloster 69', 'Gloster 69', 'Macieira');

INSERT INTO ProdutoAgricolaCultura (PRODUTOAGRICOLADESIGNACAO, VARIEDADECULTURA, NOMECOMUM)
VALUES ('Maçã Freedom', 'Freedom', 'Macieira');

INSERT INTO ProdutoAgricolaCultura (PRODUTOAGRICOLADESIGNACAO, VARIEDADECULTURA, NOMECOMUM)
VALUES ('Pera Nashi Sninseiki', 'Sninseiki', 'Pera Nashi');

INSERT INTO ProdutoAgricolaCultura (PRODUTOAGRICOLADESIGNACAO, VARIEDADECULTURA, NOMECOMUM)
VALUES ('Pera Nashi Kumoi', 'Kumoi', 'Pera Nashi');

INSERT INTO ProdutoAgricolaCultura (PRODUTOAGRICOLADESIGNACAO, VARIEDADECULTURA, NOMECOMUM)
VALUES ('Pera Nashi Hosui', 'Hosui', 'Pera Nashi');

INSERT INTO ProdutoAgricolaCultura (PRODUTOAGRICOLADESIGNACAO, VARIEDADECULTURA, NOMECOMUM)
VALUES ('Pera Nashi Nijisseiki', 'Nijisseiki', 'Pera Nashi');

INSERT INTO ProdutoAgricolaCultura (PRODUTOAGRICOLADESIGNACAO, VARIEDADECULTURA, NOMECOMUM)
VALUES ('Cenoura Carson Hybrid', 'Carson Hybrid', 'Cenoura');

INSERT INTO ProdutoAgricolaCultura (PRODUTOAGRICOLADESIGNACAO, VARIEDADECULTURA, NOMECOMUM)
VALUES ('Cenoura Red Cored Chantenay', 'Red Cored Chantenay', 'Cenoura');

INSERT INTO ProdutoAgricolaCultura (PRODUTOAGRICOLADESIGNACAO, VARIEDADECULTURA, NOMECOMUM)
VALUES ('Cenoura Danvers Half Long', 'Danvers Half Long', 'Cenoura');

INSERT INTO ProdutoAgricolaCultura (PRODUTOAGRICOLADESIGNACAO, VARIEDADECULTURA, NOMECOMUM)
VALUES ('Cenoura Imperator 58', 'Imperator 58', 'Cenoura');

INSERT INTO ProdutoAgricolaCultura (PRODUTOAGRICOLADESIGNACAO, VARIEDADECULTURA, NOMECOMUM)
VALUES ('Cenoura Sugarsnax Hybrid', 'Sugarsnax Hybrid', 'Cenoura');

INSERT INTO ProdutoAgricolaCultura (PRODUTOAGRICOLADESIGNACAO, VARIEDADECULTURA, NOMECOMUM)
VALUES ('Cenoura Nelson Hybrid', 'Nelson Hybrid', 'Cenoura');

INSERT INTO ProdutoAgricolaCultura (PRODUTOAGRICOLADESIGNACAO, VARIEDADECULTURA, NOMECOMUM)
VALUES ('Cenoura Scarlet Nantes', 'Scarlet Nantes', 'Cenoura');

INSERT INTO ProdutoAgricolaCultura (PRODUTOAGRICOLADESIGNACAO, VARIEDADECULTURA, NOMECOMUM)
VALUES ('Tremoço Amarelo', 'Amarelo', 'Tremoço');

INSERT INTO ProdutoAgricolaCultura (PRODUTOAGRICOLADESIGNACAO, VARIEDADECULTURA, NOMECOMUM)
VALUES ('Tremoço Branco', 'Branco', 'Tremoço');

INSERT INTO ProdutoAgricolaCultura (PRODUTOAGRICOLADESIGNACAO, VARIEDADECULTURA, NOMECOMUM)
VALUES ('Milho Mas 24.C', 'Mas 24.C', 'Milho');

INSERT INTO ProdutoAgricolaCultura (PRODUTOAGRICOLADESIGNACAO, VARIEDADECULTURA, NOMECOMUM)
VALUES ('Milho Doce Golden Bantam', 'Doce Golden Bantam', 'Milho');

INSERT INTO ProdutoAgricolaCultura (PRODUTOAGRICOLADESIGNACAO, VARIEDADECULTURA, NOMECOMUM)
VALUES ('Nabo Greleiro Senhora Conceição', 'Senhora Conceição', 'Nabo greleiro');

INSERT INTO ProdutoAgricolaCultura (PRODUTOAGRICOLADESIGNACAO, VARIEDADECULTURA, NOMECOMUM)
VALUES ('Azeitona Cobrançosa', 'Cobrançosa', 'Oliveira');

INSERT INTO ProdutoAgricolaCultura (PRODUTOAGRICOLADESIGNACAO, VARIEDADECULTURA, NOMECOMUM)
VALUES ('Azeitona Arbequina', 'Arbequina', 'Oliveira');

INSERT INTO ProdutoAgricolaCultura (PRODUTOAGRICOLADESIGNACAO, VARIEDADECULTURA, NOMECOMUM)
VALUES ('Azeitona Hojiblanca', 'Hojiblanca', 'Oliveira');

INSERT INTO ProdutoAgricolaCultura (PRODUTOAGRICOLADESIGNACAO, VARIEDADECULTURA, NOMECOMUM)
VALUES ('Azeitona Negrinha Do Freixo', 'Negrinha Do Freixo', 'Oliveira');

INSERT INTO ProdutoAgricolaCultura (PRODUTOAGRICOLADESIGNACAO, VARIEDADECULTURA, NOMECOMUM)
VALUES ('Azeitona Picual', 'Picual', 'Oliveira');

INSERT INTO ProdutoAgricolaCultura (PRODUTOAGRICOLADESIGNACAO, VARIEDADECULTURA, NOMECOMUM)
VALUES ('Azeitona Maçanilha', 'Maçanilha', 'Oliveira');

INSERT INTO ProdutoAgricolaCultura (PRODUTOAGRICOLADESIGNACAO, VARIEDADECULTURA, NOMECOMUM)
VALUES ('Azeitona Conserva De Elvas', 'Conserva De Elvas', 'Oliveira');

INSERT INTO ProdutoAgricolaCultura (PRODUTOAGRICOLADESIGNACAO, VARIEDADECULTURA, NOMECOMUM)
VALUES ('Azeitona Galega', 'Galega', 'Oliveira');

INSERT INTO ProdutoAgricolaCultura (PRODUTOAGRICOLADESIGNACAO, VARIEDADECULTURA, NOMECOMUM)
VALUES ('Nabo S. Cosme', 'S. Cosme', 'Nabo');

INSERT INTO ProdutoAgricolaCultura (PRODUTOAGRICOLADESIGNACAO, VARIEDADECULTURA, NOMECOMUM)
VALUES ('Uva Dona Maria', 'Dona Maria', 'Videira');

INSERT INTO ProdutoAgricolaCultura (PRODUTOAGRICOLADESIGNACAO, VARIEDADECULTURA, NOMECOMUM)
VALUES ('Uva Cardinal', 'Cardinal', 'Videira');

INSERT INTO ProdutoAgricolaCultura (PRODUTOAGRICOLADESIGNACAO, VARIEDADECULTURA, NOMECOMUM)
VALUES ('Abóbora Manteiga', 'Manteiga', 'Abóbora');

INSERT INTO ProdutoAgricolaParcela (PRODUTOAGRICOLADESIGNACAO, DESIGNACAOPARCELA)
VALUES ('Maçã Fuji', 'Lameiro da ponte');

INSERT INTO ProdutoAgricolaParcela (PRODUTOAGRICOLADESIGNACAO, DESIGNACAOPARCELA)
VALUES ('Maçã Royal Jonagored', 'Lameiro da ponte');

INSERT INTO ProdutoAgricolaParcela (PRODUTOAGRICOLADESIGNACAO, DESIGNACAOPARCELA)
VALUES ('Maçã Jonagored', 'Lameiro da ponte');

INSERT INTO ProdutoAgricolaParcela (PRODUTOAGRICOLADESIGNACAO, DESIGNACAOPARCELA)
VALUES ('Maçã Royal Gala', 'Lameiro da ponte');

INSERT INTO ProdutoAgricolaParcela (PRODUTOAGRICOLADESIGNACAO, DESIGNACAOPARCELA)
VALUES ('Maçã Porta Da Loja', 'Lameiro do moinho');

INSERT INTO ProdutoAgricolaParcela (PRODUTOAGRICOLADESIGNACAO, DESIGNACAOPARCELA)
VALUES ('Maçã Malápio', 'Lameiro do moinho');

INSERT INTO ProdutoAgricolaParcela (PRODUTOAGRICOLADESIGNACAO, DESIGNACAOPARCELA)
VALUES ('Maçã Gronho Doce', 'Lameiro do moinho');

INSERT INTO ProdutoAgricolaParcela (PRODUTOAGRICOLADESIGNACAO, DESIGNACAOPARCELA)
VALUES ('Maçã Pipo De Basto', 'Lameiro do moinho');

INSERT INTO ProdutoAgricolaParcela (PRODUTOAGRICOLADESIGNACAO, DESIGNACAOPARCELA)
VALUES ('Maçã Grand Fay', 'Lameiro do moinho');

INSERT INTO ProdutoAgricolaParcela (PRODUTOAGRICOLADESIGNACAO, DESIGNACAOPARCELA)
VALUES ('Maçã Canada', 'Lameiro do moinho');

INSERT INTO ProdutoAgricolaParcela (PRODUTOAGRICOLADESIGNACAO, DESIGNACAOPARCELA)
VALUES ('Cenoura Danvers Half Long', 'Campo Novo');

INSERT INTO ProdutoAgricolaParcela (PRODUTOAGRICOLADESIGNACAO, DESIGNACAOPARCELA)
VALUES ('Cenoura Sugarsnax Hybrid', 'Campo Novo');

INSERT INTO ProdutoAgricolaParcela (PRODUTOAGRICOLADESIGNACAO, DESIGNACAOPARCELA)
VALUES ('Cenoura Nelson Hybrid', 'Horta nova');

INSERT INTO ProdutoAgricolaParcela (PRODUTOAGRICOLADESIGNACAO, DESIGNACAOPARCELA)
VALUES ('Cenoura Scarlet Nantes', 'Horta nova');

INSERT INTO ProdutoAgricolaParcela (PRODUTOAGRICOLADESIGNACAO, DESIGNACAOPARCELA)
VALUES ('Tremoço Amarelo', 'Campo da bouça');

INSERT INTO ProdutoAgricolaParcela (PRODUTOAGRICOLADESIGNACAO, DESIGNACAOPARCELA)
VALUES ('Milho Mas 24.C', 'Campo do poço');

INSERT INTO ProdutoAgricolaParcela (PRODUTOAGRICOLADESIGNACAO, DESIGNACAOPARCELA)
VALUES ('Milho Doce Golden Bantam', 'Campo da bouça');

INSERT INTO ProdutoAgricolaParcela (PRODUTOAGRICOLADESIGNACAO, DESIGNACAOPARCELA)
VALUES ('Nabo Greleiro Senhora Conceição', 'Horta nova');

INSERT INTO ProdutoAgricolaParcela (PRODUTOAGRICOLADESIGNACAO, DESIGNACAOPARCELA)
VALUES ('Azeitona Arbequina', 'Campo grande');

INSERT INTO ProdutoAgricolaParcela (PRODUTOAGRICOLADESIGNACAO, DESIGNACAOPARCELA)
VALUES ('Azeitona Picual', 'Campo grande');

INSERT INTO ProdutoAgricolaParcela (PRODUTOAGRICOLADESIGNACAO, DESIGNACAOPARCELA)
VALUES ('Azeitona Galega', 'Campo grande');

INSERT INTO ProdutoAgricolaParcela (PRODUTOAGRICOLADESIGNACAO, DESIGNACAOPARCELA)
VALUES ('Nabo S. Cosme', 'Horta nova');

INSERT INTO ProdutoAgricolaParcela (PRODUTOAGRICOLADESIGNACAO, DESIGNACAOPARCELA)
VALUES ('Uva Dona Maria', 'Vinha');

INSERT INTO ProdutoAgricolaParcela (PRODUTOAGRICOLADESIGNACAO, DESIGNACAOPARCELA)
VALUES ('Uva Cardinal', 'Vinha');

INSERT INTO ProdutoAgricolaParcela (PRODUTOAGRICOLADESIGNACAO, DESIGNACAOPARCELA)
VALUES ('Abóbora Manteiga', 'Campo Novo');

INSERT INTO ProdutoAgricolaParcela (PRODUTOAGRICOLADESIGNACAO, DESIGNACAOPARCELA)
VALUES ('Cenoura Sugarsnax Hybrid', 'Horta nova');

INSERT INTO ProdutoAgricolaParcela (PRODUTOAGRICOLADESIGNACAO, DESIGNACAOPARCELA)
VALUES ('Cenoura Danvers Half Long', 'Horta nova');

INSERT INTO EstadoOperacao (ESTADO)
VALUES ('ativa');

INSERT INTO EstadoOperacao (ESTADO)
VALUES ('atualizada');

INSERT INTO EstadoOperacao (ESTADO)
VALUES ('anulada');

INSERT INTO TipoOperacao (TIPO)
VALUES ('Colheita');

INSERT INTO TipoOperacao (TIPO)
VALUES ('Monda');

INSERT INTO TipoOperacao (TIPO)
VALUES ('Plantação');

INSERT INTO TipoOperacao (TIPO)
VALUES ('Poda');

INSERT INTO TipoOperacao (TIPO)
VALUES ('Semeadura');

INSERT INTO TipoOperacao (TIPO)
VALUES ('IncorporacaoSolo');

INSERT INTO TipoOperacao (TIPO)
VALUES ('Rega');

INSERT INTO TipoOperacao (TIPO)
VALUES ('AplicacaoFatorProducao');

INSERT INTO TipoLog (TIPO)
VALUES ('criação');

INSERT INTO TipoLog (TIPO)
VALUES ('alteração');

INSERT INTO TipoLog (TIPO)
VALUES ('anulação');

INSERT INTO OPERACAO (IDOPERACAO, DATA, INSTANTE, ESTADO) VALUES ('1', to_date('20/01/2019', 'DD/MM/YYYY'), SYSTIMESTAMP, 'ativa');
INSERT INTO OPERACAO (IDOPERACAO, DATA, INSTANTE, ESTADO) VALUES ('2', to_date('20/01/2019', 'DD/MM/YYYY'), SYSTIMESTAMP, 'ativa');
INSERT INTO OPERACAO (IDOPERACAO, DATA, INSTANTE, ESTADO) VALUES ('3', to_date('20/01/2020', 'DD/MM/YYYY'), SYSTIMESTAMP, 'ativa');
INSERT INTO OPERACAO (IDOPERACAO, DATA, INSTANTE, ESTADO) VALUES ('4', to_date('20/01/2020', 'DD/MM/YYYY'), SYSTIMESTAMP, 'ativa');
INSERT INTO OPERACAO (IDOPERACAO, DATA, INSTANTE, ESTADO) VALUES ('5', to_date('20/01/2021', 'DD/MM/YYYY'), SYSTIMESTAMP, 'ativa');
INSERT INTO OPERACAO (IDOPERACAO, DATA, INSTANTE, ESTADO) VALUES ('6', to_date('20/01/2021', 'DD/MM/YYYY'), SYSTIMESTAMP, 'ativa');
INSERT INTO OPERACAO (IDOPERACAO, DATA, INSTANTE, ESTADO) VALUES ('7', to_date('20/01/2022', 'DD/MM/YYYY'), SYSTIMESTAMP, 'ativa');
INSERT INTO OPERACAO (IDOPERACAO, DATA, INSTANTE, ESTADO) VALUES ('8', to_date('20/01/2022', 'DD/MM/YYYY'), SYSTIMESTAMP, 'ativa');
INSERT INTO OPERACAO (IDOPERACAO, DATA, INSTANTE, ESTADO) VALUES ('9', to_date('20/01/2023', 'DD/MM/YYYY'), SYSTIMESTAMP, 'ativa');
INSERT INTO OPERACAO (IDOPERACAO, DATA, INSTANTE, ESTADO) VALUES ('10', to_date('20/01/2023', 'DD/MM/YYYY'), SYSTIMESTAMP, 'ativa');
INSERT INTO OPERACAO (IDOPERACAO, DATA, INSTANTE, ESTADO) VALUES ('11', to_date('05/05/2020', 'DD/MM/YYYY'), SYSTIMESTAMP, 'ativa');
INSERT INTO OPERACAO (IDOPERACAO, DATA, INSTANTE, ESTADO) VALUES ('12', to_date('15/05/2020', 'DD/MM/YYYY'), SYSTIMESTAMP, 'ativa');
INSERT INTO OPERACAO (IDOPERACAO, DATA, INSTANTE, ESTADO) VALUES ('13', to_date('20/08/2020', 'DD/MM/YYYY'), SYSTIMESTAMP, 'ativa');
INSERT INTO OPERACAO (IDOPERACAO, DATA, INSTANTE, ESTADO) VALUES ('14', to_date('28/08/2020', 'DD/MM/YYYY'), SYSTIMESTAMP, 'ativa');
INSERT INTO OPERACAO (IDOPERACAO, DATA, INSTANTE, ESTADO) VALUES ('15', to_date('07/09/2020', 'DD/MM/YYYY'), SYSTIMESTAMP, 'ativa');
INSERT INTO OPERACAO (IDOPERACAO, DATA, INSTANTE, ESTADO) VALUES ('16', to_date('15/11/2020', 'DD/MM/YYYY'), SYSTIMESTAMP, 'ativa');
INSERT INTO OPERACAO (IDOPERACAO, DATA, INSTANTE, ESTADO) VALUES ('17', to_date('18/12/2020', 'DD/MM/YYYY'), SYSTIMESTAMP, 'ativa');
INSERT INTO OPERACAO (IDOPERACAO, DATA, INSTANTE, ESTADO) VALUES ('18', to_date('04/01/2021', 'DD/MM/YYYY'), SYSTIMESTAMP, 'ativa');
INSERT INTO OPERACAO (IDOPERACAO, DATA, INSTANTE, ESTADO) VALUES ('19', to_date('05/05/2021', 'DD/MM/YYYY'), SYSTIMESTAMP, 'ativa');
INSERT INTO OPERACAO (IDOPERACAO, DATA, INSTANTE, ESTADO) VALUES ('20', to_date('15/05/2021', 'DD/MM/YYYY'), SYSTIMESTAMP, 'ativa');
INSERT INTO OPERACAO (IDOPERACAO, DATA, INSTANTE, ESTADO) VALUES ('21', to_date('15/07/2021', 'DD/MM/YYYY'), SYSTIMESTAMP, 'ativa');
INSERT INTO OPERACAO (IDOPERACAO, DATA, INSTANTE, ESTADO) VALUES ('22', to_date('20/07/2021', 'DD/MM/YYYY'), SYSTIMESTAMP, 'ativa');
INSERT INTO OPERACAO (IDOPERACAO, DATA, INSTANTE, ESTADO) VALUES ('23', to_date('12/08/2021', 'DD/MM/YYYY'), SYSTIMESTAMP, 'ativa');
INSERT INTO OPERACAO (IDOPERACAO, DATA, INSTANTE, ESTADO) VALUES ('24', to_date('24/08/2021', 'DD/MM/YYYY'), SYSTIMESTAMP, 'ativa');
INSERT INTO OPERACAO (IDOPERACAO, DATA, INSTANTE, ESTADO) VALUES ('25', to_date('25/08/2021', 'DD/MM/YYYY'), SYSTIMESTAMP, 'ativa');
INSERT INTO OPERACAO (IDOPERACAO, DATA, INSTANTE, ESTADO) VALUES ('26', to_date('28/08/2021', 'DD/MM/YYYY'), SYSTIMESTAMP, 'ativa');
INSERT INTO OPERACAO (IDOPERACAO, DATA, INSTANTE, ESTADO) VALUES ('27', to_date('05/09/2021', 'DD/MM/YYYY'), SYSTIMESTAMP, 'ativa');
INSERT INTO OPERACAO (IDOPERACAO, DATA, INSTANTE, ESTADO) VALUES ('28', to_date('07/09/2021', 'DD/MM/YYYY'), SYSTIMESTAMP, 'ativa');
INSERT INTO OPERACAO (IDOPERACAO, DATA, INSTANTE, ESTADO) VALUES ('29', to_date('12/09/2021', 'DD/MM/YYYY'), SYSTIMESTAMP, 'ativa');
INSERT INTO OPERACAO (IDOPERACAO, DATA, INSTANTE, ESTADO) VALUES ('30', to_date('23/09/2021', 'DD/MM/YYYY'), SYSTIMESTAMP, 'ativa');
INSERT INTO OPERACAO (IDOPERACAO, DATA, INSTANTE, ESTADO) VALUES ('31', to_date('12/10/2021', 'DD/MM/YYYY'), SYSTIMESTAMP, 'ativa');
INSERT INTO OPERACAO (IDOPERACAO, DATA, INSTANTE, ESTADO) VALUES ('32', to_date('03/11/2021', 'DD/MM/YYYY'), SYSTIMESTAMP, 'ativa');
INSERT INTO OPERACAO (IDOPERACAO, DATA, INSTANTE, ESTADO) VALUES ('33', to_date('10/11/2021', 'DD/MM/YYYY'), SYSTIMESTAMP, 'ativa');
INSERT INTO OPERACAO (IDOPERACAO, DATA, INSTANTE, ESTADO) VALUES ('34', to_date('10/11/2021', 'DD/MM/YYYY'), SYSTIMESTAMP, 'ativa');
INSERT INTO OPERACAO (IDOPERACAO, DATA, INSTANTE, ESTADO) VALUES ('35', to_date('15/11/2021', 'DD/MM/YYYY'), SYSTIMESTAMP, 'ativa');
INSERT INTO OPERACAO (IDOPERACAO, DATA, INSTANTE, ESTADO) VALUES ('36', to_date('18/12/2021', 'DD/MM/YYYY'), SYSTIMESTAMP, 'ativa');
INSERT INTO OPERACAO (IDOPERACAO, DATA, INSTANTE, ESTADO) VALUES ('37', to_date('04/01/2022', 'DD/MM/YYYY'), SYSTIMESTAMP, 'ativa');
INSERT INTO OPERACAO (IDOPERACAO, DATA, INSTANTE, ESTADO) VALUES ('38', to_date('05/05/2022', 'DD/MM/YYYY'), SYSTIMESTAMP, 'ativa');
INSERT INTO OPERACAO (IDOPERACAO, DATA, INSTANTE, ESTADO) VALUES ('39', to_date('15/05/2022', 'DD/MM/YYYY'), SYSTIMESTAMP, 'ativa');
INSERT INTO OPERACAO (IDOPERACAO, DATA, INSTANTE, ESTADO) VALUES ('40', to_date('15/07/2022', 'DD/MM/YYYY'), SYSTIMESTAMP, 'ativa');
INSERT INTO OPERACAO (IDOPERACAO, DATA, INSTANTE, ESTADO) VALUES ('41', to_date('20/07/2022', 'DD/MM/YYYY'), SYSTIMESTAMP, 'ativa');
INSERT INTO OPERACAO (IDOPERACAO, DATA, INSTANTE, ESTADO) VALUES ('42', to_date('12/08/2022', 'DD/MM/YYYY'), SYSTIMESTAMP, 'ativa');
INSERT INTO OPERACAO (IDOPERACAO, DATA, INSTANTE, ESTADO) VALUES ('43', to_date('17/08/2022', 'DD/MM/YYYY'), SYSTIMESTAMP, 'ativa');
INSERT INTO OPERACAO (IDOPERACAO, DATA, INSTANTE, ESTADO) VALUES ('44', to_date('18/08/2022', 'DD/MM/YYYY'), SYSTIMESTAMP, 'ativa');
INSERT INTO OPERACAO (IDOPERACAO, DATA, INSTANTE, ESTADO) VALUES ('45', to_date('20/08/2022', 'DD/MM/YYYY'), SYSTIMESTAMP, 'ativa');
INSERT INTO OPERACAO (IDOPERACAO, DATA, INSTANTE, ESTADO) VALUES ('46', to_date('24/08/2022', 'DD/MM/YYYY'), SYSTIMESTAMP, 'ativa');
INSERT INTO OPERACAO (IDOPERACAO, DATA, INSTANTE, ESTADO) VALUES ('47', to_date('05/09/2022', 'DD/MM/YYYY'), SYSTIMESTAMP, 'ativa');
INSERT INTO OPERACAO (IDOPERACAO, DATA, INSTANTE, ESTADO) VALUES ('48', to_date('07/09/2022', 'DD/MM/YYYY'), SYSTIMESTAMP, 'ativa');
INSERT INTO OPERACAO (IDOPERACAO, DATA, INSTANTE, ESTADO) VALUES ('49', to_date('11/09/2022', 'DD/MM/YYYY'), SYSTIMESTAMP, 'ativa');
INSERT INTO OPERACAO (IDOPERACAO, DATA, INSTANTE, ESTADO) VALUES ('50', to_date('20/09/2022', 'DD/MM/YYYY'), SYSTIMESTAMP, 'ativa');
INSERT INTO OPERACAO (IDOPERACAO, DATA, INSTANTE, ESTADO) VALUES ('51', to_date('17/10/2022', 'DD/MM/YYYY'), SYSTIMESTAMP, 'ativa');
INSERT INTO OPERACAO (IDOPERACAO, DATA, INSTANTE, ESTADO) VALUES ('52', to_date('06/11/2022', 'DD/MM/YYYY'), SYSTIMESTAMP, 'ativa');
INSERT INTO OPERACAO (IDOPERACAO, DATA, INSTANTE, ESTADO) VALUES ('53', to_date('12/11/2022', 'DD/MM/YYYY'), SYSTIMESTAMP, 'ativa');
INSERT INTO OPERACAO (IDOPERACAO, DATA, INSTANTE, ESTADO) VALUES ('54', to_date('12/11/2022', 'DD/MM/YYYY'), SYSTIMESTAMP, 'ativa');
INSERT INTO OPERACAO (IDOPERACAO, DATA, INSTANTE, ESTADO) VALUES ('55', to_date('15/11/2022', 'DD/MM/YYYY'), SYSTIMESTAMP, 'ativa');
INSERT INTO OPERACAO (IDOPERACAO, DATA, INSTANTE, ESTADO) VALUES ('56', to_date('18/12/2022', 'DD/MM/YYYY'), SYSTIMESTAMP, 'ativa');
INSERT INTO OPERACAO (IDOPERACAO, DATA, INSTANTE, ESTADO) VALUES ('57', to_date('14/01/2023', 'DD/MM/YYYY'), SYSTIMESTAMP, 'ativa');
INSERT INTO OPERACAO (IDOPERACAO, DATA, INSTANTE, ESTADO) VALUES ('58', to_date('18/08/2023', 'DD/MM/YYYY'), SYSTIMESTAMP, 'ativa');
INSERT INTO OPERACAO (IDOPERACAO, DATA, INSTANTE, ESTADO) VALUES ('59', to_date('30/08/2023', 'DD/MM/YYYY'), SYSTIMESTAMP, 'ativa');
INSERT INTO OPERACAO (IDOPERACAO, DATA, INSTANTE, ESTADO) VALUES ('60', to_date('05/09/2023', 'DD/MM/YYYY'), SYSTIMESTAMP, 'ativa');
INSERT INTO OPERACAO (IDOPERACAO, DATA, INSTANTE, ESTADO) VALUES ('61', to_date('08/09/2023', 'DD/MM/YYYY'), SYSTIMESTAMP, 'ativa');
INSERT INTO OPERACAO (IDOPERACAO, DATA, INSTANTE, ESTADO) VALUES ('62', to_date('28/09/2023', 'DD/MM/YYYY'), SYSTIMESTAMP, 'ativa');
INSERT INTO OPERACAO (IDOPERACAO, DATA, INSTANTE, ESTADO) VALUES ('63', to_date('03/10/2023', 'DD/MM/YYYY'), SYSTIMESTAMP, 'ativa');
INSERT INTO OPERACAO (IDOPERACAO, DATA, INSTANTE, ESTADO) VALUES ('64', to_date('15/09/2023', 'DD/MM/YYYY'), SYSTIMESTAMP, 'ativa');
INSERT INTO OPERACAO (IDOPERACAO, DATA, INSTANTE, ESTADO) VALUES ('65', to_date('16/09/2023', 'DD/MM/YYYY'), SYSTIMESTAMP, 'ativa');
INSERT INTO OPERACAO (IDOPERACAO, DATA, INSTANTE, ESTADO) VALUES ('66', to_date('20/09/2023', 'DD/MM/YYYY'), SYSTIMESTAMP, 'ativa');
INSERT INTO OPERACAO (IDOPERACAO, DATA, INSTANTE, ESTADO) VALUES ('67', to_date('27/09/2023', 'DD/MM/YYYY'), SYSTIMESTAMP, 'ativa');
INSERT INTO OPERACAO (IDOPERACAO, DATA, INSTANTE, ESTADO) VALUES ('68', to_date('10/05/2023', 'DD/MM/YYYY'), SYSTIMESTAMP, 'ativa');
INSERT INTO OPERACAO (IDOPERACAO, DATA, INSTANTE, ESTADO) VALUES ('69', to_date('15/10/2023', 'DD/MM/YYYY'), SYSTIMESTAMP, 'ativa');
INSERT INTO OPERACAO (IDOPERACAO, DATA, INSTANTE, ESTADO) VALUES ('70', to_date('15/10/2023', 'DD/MM/YYYY'), SYSTIMESTAMP, 'ativa');
INSERT INTO OPERACAO (IDOPERACAO, DATA, INSTANTE, ESTADO) VALUES ('71', to_date('11/12/2023', 'DD/MM/YYYY'), SYSTIMESTAMP, 'ativa');
INSERT INTO OPERACAO (IDOPERACAO, DATA, INSTANTE, ESTADO) VALUES ('72', to_date('15/11/2023', 'DD/MM/YYYY'), SYSTIMESTAMP, 'ativa');
INSERT INTO OPERACAO (IDOPERACAO, DATA, INSTANTE, ESTADO) VALUES ('73', to_date('02/11/2023', 'DD/MM/YYYY'), SYSTIMESTAMP, 'ativa');
INSERT INTO OPERACAO (IDOPERACAO, DATA, INSTANTE, ESTADO) VALUES ('74', to_date('05/11/2023', 'DD/MM/YYYY'), SYSTIMESTAMP, 'ativa');
INSERT INTO OPERACAO (IDOPERACAO, DATA, INSTANTE, ESTADO) VALUES ('75', to_date('08/11/2023', 'DD/MM/YYYY'), SYSTIMESTAMP, 'ativa');
INSERT INTO OPERACAO (IDOPERACAO, DATA, INSTANTE, ESTADO) VALUES ('76', to_date('14/06/2023', 'DD/MM/YYYY'), SYSTIMESTAMP, 'ativa');
INSERT INTO OPERACAO (IDOPERACAO, DATA, INSTANTE, ESTADO) VALUES ('77', to_date('28/06/2023', 'DD/MM/YYYY'), SYSTIMESTAMP, 'ativa');
INSERT INTO OPERACAO (IDOPERACAO, DATA, INSTANTE, ESTADO) VALUES ('78', to_date('15/09/2023', 'DD/MM/YYYY'), SYSTIMESTAMP, 'ativa');
INSERT INTO OPERACAO (IDOPERACAO, DATA, INSTANTE, ESTADO) VALUES ('79', to_date('25/09/2023', 'DD/MM/YYYY'), SYSTIMESTAMP, 'ativa');
INSERT INTO OPERACAO (IDOPERACAO, DATA, INSTANTE, ESTADO) VALUES ('80', to_date('18/09/2023', 'DD/MM/YYYY'), SYSTIMESTAMP, 'ativa');
INSERT INTO OPERACAO (IDOPERACAO, DATA, INSTANTE, ESTADO) VALUES ('81', to_date('22/09/2023', 'DD/MM/YYYY'), SYSTIMESTAMP, 'ativa');
INSERT INTO OPERACAO (IDOPERACAO, DATA, INSTANTE, ESTADO) VALUES ('82', to_date('05/10/2023', 'DD/MM/YYYY'), SYSTIMESTAMP, 'ativa');
INSERT INTO OPERACAO (IDOPERACAO, DATA, INSTANTE, ESTADO) VALUES ('83', to_date('10/12/2017', 'DD/MM/YYYY'), SYSTIMESTAMP, 'ativa');
INSERT INTO OPERACAO (IDOPERACAO, DATA, INSTANTE, ESTADO) VALUES ('84', to_date('10/12/2017', 'DD/MM/YYYY'), SYSTIMESTAMP, 'ativa');
INSERT INTO OPERACAO (IDOPERACAO, DATA, INSTANTE, ESTADO) VALUES ('85', to_date('06/02/2018', 'DD/MM/YYYY'), SYSTIMESTAMP, 'ativa');
INSERT INTO OPERACAO (IDOPERACAO, DATA, INSTANTE, ESTADO) VALUES ('86', to_date('06/02/2018', 'DD/MM/YYYY'), SYSTIMESTAMP, 'ativa');
INSERT INTO OPERACAO (IDOPERACAO, DATA, INSTANTE, ESTADO) VALUES ('87', to_date('06/02/2018', 'DD/MM/YYYY'), SYSTIMESTAMP, 'ativa');
INSERT INTO OPERACAO (IDOPERACAO, DATA, INSTANTE, ESTADO) VALUES ('88', to_date('06/02/2019', 'DD/MM/YYYY'), SYSTIMESTAMP, 'ativa');
INSERT INTO OPERACAO (IDOPERACAO, DATA, INSTANTE, ESTADO) VALUES ('89', to_date('06/02/2019', 'DD/MM/YYYY'), SYSTIMESTAMP, 'ativa');
INSERT INTO OPERACAO (IDOPERACAO, DATA, INSTANTE, ESTADO) VALUES ('90', to_date('06/02/2019', 'DD/MM/YYYY'), SYSTIMESTAMP, 'ativa');
INSERT INTO OPERACAO (IDOPERACAO, DATA, INSTANTE, ESTADO) VALUES ('91', to_date('10/12/2020', 'DD/MM/YYYY'), SYSTIMESTAMP, 'ativa');
INSERT INTO OPERACAO (IDOPERACAO, DATA, INSTANTE, ESTADO) VALUES ('92', to_date('10/12/2020', 'DD/MM/YYYY'), SYSTIMESTAMP, 'ativa');
INSERT INTO OPERACAO (IDOPERACAO, DATA, INSTANTE, ESTADO) VALUES ('93', to_date('02/05/2021', 'DD/MM/YYYY'), SYSTIMESTAMP, 'ativa');
INSERT INTO OPERACAO (IDOPERACAO, DATA, INSTANTE, ESTADO) VALUES ('94', to_date('02/05/2021', 'DD/MM/YYYY'), SYSTIMESTAMP, 'ativa');
INSERT INTO OPERACAO (IDOPERACAO, DATA, INSTANTE, ESTADO) VALUES ('95', to_date('02/05/2021', 'DD/MM/YYYY'), SYSTIMESTAMP, 'ativa');
INSERT INTO OPERACAO (IDOPERACAO, DATA, INSTANTE, ESTADO) VALUES ('96', to_date('13/05/2022', 'DD/MM/YYYY'), SYSTIMESTAMP, 'ativa');
INSERT INTO OPERACAO (IDOPERACAO, DATA, INSTANTE, ESTADO) VALUES ('97', to_date('13/05/2022', 'DD/MM/YYYY'), SYSTIMESTAMP, 'ativa');
INSERT INTO OPERACAO (IDOPERACAO, DATA, INSTANTE, ESTADO) VALUES ('98', to_date('13/05/2022', 'DD/MM/YYYY'), SYSTIMESTAMP, 'ativa');
INSERT INTO OPERACAO (IDOPERACAO, DATA, INSTANTE, ESTADO) VALUES ('99', to_date('11/12/2022', 'DD/MM/YYYY'), SYSTIMESTAMP, 'ativa');
INSERT INTO OPERACAO (IDOPERACAO, DATA, INSTANTE, ESTADO) VALUES ('100', to_date('11/12/2022', 'DD/MM/YYYY'), SYSTIMESTAMP, 'ativa');
INSERT INTO OPERACAO (IDOPERACAO, DATA, INSTANTE, ESTADO) VALUES ('101', to_date('06/01/2020', 'DD/MM/YYYY'), SYSTIMESTAMP, 'ativa');
INSERT INTO OPERACAO (IDOPERACAO, DATA, INSTANTE, ESTADO) VALUES ('102', to_date('06/01/2020', 'DD/MM/YYYY'), SYSTIMESTAMP, 'ativa');
INSERT INTO OPERACAO (IDOPERACAO, DATA, INSTANTE, ESTADO) VALUES ('103', to_date('06/01/2020', 'DD/MM/YYYY'), SYSTIMESTAMP, 'ativa');
INSERT INTO OPERACAO (IDOPERACAO, DATA, INSTANTE, ESTADO) VALUES ('104', to_date('06/01/2020', 'DD/MM/YYYY'), SYSTIMESTAMP, 'ativa');
INSERT INTO OPERACAO (IDOPERACAO, DATA, INSTANTE, ESTADO) VALUES ('105', to_date('07/01/2020', 'DD/MM/YYYY'), SYSTIMESTAMP, 'ativa');
INSERT INTO OPERACAO (IDOPERACAO, DATA, INSTANTE, ESTADO) VALUES ('106', to_date('07/01/2020', 'DD/MM/YYYY'), SYSTIMESTAMP, 'ativa');
INSERT INTO OPERACAO (IDOPERACAO, DATA, INSTANTE, ESTADO) VALUES ('107', to_date('07/01/2020', 'DD/MM/YYYY'), SYSTIMESTAMP, 'ativa');
INSERT INTO OPERACAO (IDOPERACAO, DATA, INSTANTE, ESTADO) VALUES ('108', to_date('07/01/2020', 'DD/MM/YYYY'), SYSTIMESTAMP, 'ativa');
INSERT INTO OPERACAO (IDOPERACAO, DATA, INSTANTE, ESTADO) VALUES ('109', to_date('08/01/2020', 'DD/MM/YYYY'), SYSTIMESTAMP, 'ativa');
INSERT INTO OPERACAO (IDOPERACAO, DATA, INSTANTE, ESTADO) VALUES ('110', to_date('07/01/2020', 'DD/MM/YYYY'), SYSTIMESTAMP, 'ativa');
INSERT INTO OPERACAO (IDOPERACAO, DATA, INSTANTE, ESTADO) VALUES ('111', to_date('08/01/2020', 'DD/MM/YYYY'), SYSTIMESTAMP, 'ativa');
INSERT INTO OPERACAO (IDOPERACAO, DATA, INSTANTE, ESTADO) VALUES ('112', to_date('15/01/2022', 'DD/MM/YYYY'), SYSTIMESTAMP, 'ativa');
INSERT INTO OPERACAO (IDOPERACAO, DATA, INSTANTE, ESTADO) VALUES ('113', to_date('15/01/2022', 'DD/MM/YYYY'), SYSTIMESTAMP, 'ativa');
INSERT INTO OPERACAO (IDOPERACAO, DATA, INSTANTE, ESTADO) VALUES ('114', to_date('15/01/2022', 'DD/MM/YYYY'), SYSTIMESTAMP, 'ativa');
INSERT INTO OPERACAO (IDOPERACAO, DATA, INSTANTE, ESTADO) VALUES ('115', to_date('16/01/2022', 'DD/MM/YYYY'), SYSTIMESTAMP, 'ativa');
INSERT INTO OPERACAO (IDOPERACAO, DATA, INSTANTE, ESTADO) VALUES ('116', to_date('16/01/2022', 'DD/MM/YYYY'), SYSTIMESTAMP, 'ativa');
INSERT INTO OPERACAO (IDOPERACAO, DATA, INSTANTE, ESTADO) VALUES ('117', to_date('16/01/2022', 'DD/MM/YYYY'), SYSTIMESTAMP, 'ativa');
INSERT INTO OPERACAO (IDOPERACAO, DATA, INSTANTE, ESTADO) VALUES ('118', to_date('15/05/2023', 'DD/MM/YYYY'), SYSTIMESTAMP, 'ativa');
INSERT INTO OPERACAO (IDOPERACAO, DATA, INSTANTE, ESTADO) VALUES ('119', to_date('15/05/2023', 'DD/MM/YYYY'), SYSTIMESTAMP, 'ativa');
INSERT INTO OPERACAO (IDOPERACAO, DATA, INSTANTE, ESTADO) VALUES ('120', to_date('15/05/2023', 'DD/MM/YYYY'), SYSTIMESTAMP, 'ativa');
INSERT INTO OPERACAO (IDOPERACAO, DATA, INSTANTE, ESTADO) VALUES ('121', to_date('15/05/2023', 'DD/MM/YYYY'), SYSTIMESTAMP, 'ativa');
INSERT INTO OPERACAO (IDOPERACAO, DATA, INSTANTE, ESTADO) VALUES ('122', to_date('15/05/2023', 'DD/MM/YYYY'), SYSTIMESTAMP, 'ativa');
INSERT INTO OPERACAO (IDOPERACAO, DATA, INSTANTE, ESTADO) VALUES ('123', to_date('15/05/2023', 'DD/MM/YYYY'), SYSTIMESTAMP, 'ativa');
INSERT INTO OPERACAO (IDOPERACAO, DATA, INSTANTE, ESTADO) VALUES ('124', to_date('30/03/2020', 'DD/MM/YYYY'), SYSTIMESTAMP, 'ativa');
INSERT INTO OPERACAO (IDOPERACAO, DATA, INSTANTE, ESTADO) VALUES ('125', to_date('04/01/2019', 'DD/MM/YYYY'), SYSTIMESTAMP, 'ativa');
INSERT INTO OPERACAO (IDOPERACAO, DATA, INSTANTE, ESTADO) VALUES ('126', to_date('01/04/2023', 'DD/MM/YYYY'), SYSTIMESTAMP, 'ativa');
INSERT INTO OPERACAO (IDOPERACAO, DATA, INSTANTE, ESTADO) VALUES ('127', to_date('03/07/2023', 'DD/MM/YYYY'), SYSTIMESTAMP, 'ativa');
INSERT INTO OPERACAO (IDOPERACAO, DATA, INSTANTE, ESTADO) VALUES ('128', to_date('14/03/2021', 'DD/MM/YYYY'), SYSTIMESTAMP, 'ativa');
INSERT INTO OPERACAO (IDOPERACAO, DATA, INSTANTE, ESTADO) VALUES ('129', to_date('30/03/2021', 'DD/MM/YYYY'), SYSTIMESTAMP, 'ativa');
INSERT INTO OPERACAO (IDOPERACAO, DATA, INSTANTE, ESTADO) VALUES ('130', to_date('19/03/2022', 'DD/MM/YYYY'), SYSTIMESTAMP, 'ativa');
INSERT INTO OPERACAO (IDOPERACAO, DATA, INSTANTE, ESTADO) VALUES ('131', to_date('05/04/2022', 'DD/MM/YYYY'), SYSTIMESTAMP, 'ativa');
INSERT INTO OPERACAO (IDOPERACAO, DATA, INSTANTE, ESTADO) VALUES ('132', to_date('20/03/2023', 'DD/MM/YYYY'), SYSTIMESTAMP, 'ativa');
INSERT INTO OPERACAO (IDOPERACAO, DATA, INSTANTE, ESTADO) VALUES ('133', to_date('06/10/2016', 'DD/MM/YYYY'), SYSTIMESTAMP, 'ativa');
INSERT INTO OPERACAO (IDOPERACAO, DATA, INSTANTE, ESTADO) VALUES ('134', to_date('10/10/2016', 'DD/MM/YYYY'), SYSTIMESTAMP, 'ativa');
INSERT INTO OPERACAO (IDOPERACAO, DATA, INSTANTE, ESTADO) VALUES ('135', to_date('07/01/2017', 'DD/MM/YYYY'), SYSTIMESTAMP, 'ativa');
INSERT INTO OPERACAO (IDOPERACAO, DATA, INSTANTE, ESTADO) VALUES ('136', to_date('08/01/2017', 'DD/MM/YYYY'), SYSTIMESTAMP, 'ativa');
INSERT INTO OPERACAO (IDOPERACAO, DATA, INSTANTE, ESTADO) VALUES ('137', to_date('08/01/2017', 'DD/MM/YYYY'), SYSTIMESTAMP, 'ativa');
INSERT INTO OPERACAO (IDOPERACAO, DATA, INSTANTE, ESTADO) VALUES ('138', to_date('10/01/2018', 'DD/MM/YYYY'), SYSTIMESTAMP, 'ativa');
INSERT INTO OPERACAO (IDOPERACAO, DATA, INSTANTE, ESTADO) VALUES ('139', to_date('11/01/2018', 'DD/MM/YYYY'), SYSTIMESTAMP, 'ativa');
INSERT INTO OPERACAO (IDOPERACAO, DATA, INSTANTE, ESTADO) VALUES ('140', to_date('10/12/2018', 'DD/MM/YYYY'), SYSTIMESTAMP, 'ativa');
INSERT INTO OPERACAO (IDOPERACAO, DATA, INSTANTE, ESTADO) VALUES ('141', to_date('09/01/2019', 'DD/MM/YYYY'), SYSTIMESTAMP, 'ativa');
INSERT INTO OPERACAO (IDOPERACAO, DATA, INSTANTE, ESTADO) VALUES ('142', to_date('09/01/2019', 'DD/MM/YYYY'), SYSTIMESTAMP, 'ativa');
INSERT INTO OPERACAO (IDOPERACAO, DATA, INSTANTE, ESTADO) VALUES ('143', to_date('10/01/2019', 'DD/MM/YYYY'), SYSTIMESTAMP, 'ativa');
INSERT INTO OPERACAO (IDOPERACAO, DATA, INSTANTE, ESTADO) VALUES ('144', to_date('10/01/2019', 'DD/MM/YYYY'), SYSTIMESTAMP, 'ativa');
INSERT INTO OPERACAO (IDOPERACAO, DATA, INSTANTE, ESTADO) VALUES ('145', to_date('11/01/2019', 'DD/MM/YYYY'), SYSTIMESTAMP, 'ativa');
INSERT INTO OPERACAO (IDOPERACAO, DATA, INSTANTE, ESTADO) VALUES ('146', to_date('11/01/2019', 'DD/MM/YYYY'), SYSTIMESTAMP, 'ativa');
INSERT INTO OPERACAO (IDOPERACAO, DATA, INSTANTE, ESTADO) VALUES ('147', to_date('10/12/2016', 'DD/MM/YYYY'), SYSTIMESTAMP, 'ativa');
INSERT INTO OPERACAO (IDOPERACAO, DATA, INSTANTE, ESTADO) VALUES ('148', to_date('04/11/2017', 'DD/MM/YYYY'), SYSTIMESTAMP, 'ativa');
INSERT INTO OPERACAO (IDOPERACAO, DATA, INSTANTE, ESTADO) VALUES ('149', to_date('04/11/2017', 'DD/MM/YYYY'), SYSTIMESTAMP, 'ativa');
INSERT INTO OPERACAO (IDOPERACAO, DATA, INSTANTE, ESTADO) VALUES ('150', to_date('07/01/2018', 'DD/MM/YYYY'), SYSTIMESTAMP, 'ativa');
INSERT INTO OPERACAO (IDOPERACAO, DATA, INSTANTE, ESTADO) VALUES ('151', to_date('08/01/2018', 'DD/MM/YYYY'), SYSTIMESTAMP, 'ativa');
INSERT INTO OPERACAO (IDOPERACAO, DATA, INSTANTE, ESTADO) VALUES ('152', to_date('08/01/2018', 'DD/MM/YYYY'), SYSTIMESTAMP, 'ativa');
INSERT INTO OPERACAO (IDOPERACAO, DATA, INSTANTE, ESTADO) VALUES ('153', to_date('17/11/2018', 'DD/MM/YYYY'), SYSTIMESTAMP, 'ativa');
INSERT INTO OPERACAO (IDOPERACAO, DATA, INSTANTE, ESTADO) VALUES ('154', to_date('17/11/2018', 'DD/MM/YYYY'), SYSTIMESTAMP, 'ativa');
INSERT INTO OPERACAO (IDOPERACAO, DATA, INSTANTE, ESTADO) VALUES ('155', to_date('16/12/2018', 'DD/MM/YYYY'), SYSTIMESTAMP, 'ativa');
INSERT INTO OPERACAO (IDOPERACAO, DATA, INSTANTE, ESTADO) VALUES ('156', to_date('18/12/2018', 'DD/MM/YYYY'), SYSTIMESTAMP, 'ativa');
INSERT INTO OPERACAO (IDOPERACAO, DATA, INSTANTE, ESTADO) VALUES ('157', to_date('07/01/2019', 'DD/MM/YYYY'), SYSTIMESTAMP, 'ativa');
INSERT INTO OPERACAO (IDOPERACAO, DATA, INSTANTE, ESTADO) VALUES ('158', to_date('08/01/2019', 'DD/MM/YYYY'), SYSTIMESTAMP, 'ativa');
INSERT INTO OPERACAO (IDOPERACAO, DATA, INSTANTE, ESTADO) VALUES ('159', to_date('08/01/2019', 'DD/MM/YYYY'), SYSTIMESTAMP, 'ativa');
INSERT INTO OPERACAO (IDOPERACAO, DATA, INSTANTE, ESTADO) VALUES ('160', to_date('15/11/2019', 'DD/MM/YYYY'), SYSTIMESTAMP, 'ativa');
INSERT INTO OPERACAO (IDOPERACAO, DATA, INSTANTE, ESTADO) VALUES ('161', to_date('15/11/2019', 'DD/MM/YYYY'), SYSTIMESTAMP, 'ativa');
INSERT INTO OPERACAO (IDOPERACAO, DATA, INSTANTE, ESTADO) VALUES ('162', to_date('16/12/2019', 'DD/MM/YYYY'), SYSTIMESTAMP, 'ativa');
INSERT INTO OPERACAO (IDOPERACAO, DATA, INSTANTE, ESTADO) VALUES ('163', to_date('18/12/2019', 'DD/MM/YYYY'), SYSTIMESTAMP, 'ativa');
INSERT INTO OPERACAO (IDOPERACAO, DATA, INSTANTE, ESTADO) VALUES ('164', to_date('10/11/2020', 'DD/MM/YYYY'), SYSTIMESTAMP, 'ativa');
INSERT INTO OPERACAO (IDOPERACAO, DATA, INSTANTE, ESTADO) VALUES ('165', to_date('10/11/2020', 'DD/MM/YYYY'), SYSTIMESTAMP, 'ativa');
INSERT INTO OPERACAO (IDOPERACAO, DATA, INSTANTE, ESTADO) VALUES ('166', to_date('05/12/2020', 'DD/MM/YYYY'), SYSTIMESTAMP, 'ativa');
INSERT INTO OPERACAO (IDOPERACAO, DATA, INSTANTE, ESTADO) VALUES ('167', to_date('05/12/2020', 'DD/MM/YYYY'), SYSTIMESTAMP, 'ativa');
INSERT INTO OPERACAO (IDOPERACAO, DATA, INSTANTE, ESTADO) VALUES ('168', to_date('15/12/2020', 'DD/MM/YYYY'), SYSTIMESTAMP, 'ativa');
INSERT INTO OPERACAO (IDOPERACAO, DATA, INSTANTE, ESTADO) VALUES ('169', to_date('15/12/2020', 'DD/MM/YYYY'), SYSTIMESTAMP, 'ativa');
INSERT INTO OPERACAO (IDOPERACAO, DATA, INSTANTE, ESTADO) VALUES ('170', to_date('16/12/2020', 'DD/MM/YYYY'), SYSTIMESTAMP, 'ativa');
INSERT INTO OPERACAO (IDOPERACAO, DATA, INSTANTE, ESTADO) VALUES ('171', to_date('18/12/2020', 'DD/MM/YYYY'), SYSTIMESTAMP, 'ativa');
INSERT INTO OPERACAO (IDOPERACAO, DATA, INSTANTE, ESTADO) VALUES ('172', to_date('17/11/2021', 'DD/MM/YYYY'), SYSTIMESTAMP, 'ativa');
INSERT INTO OPERACAO (IDOPERACAO, DATA, INSTANTE, ESTADO) VALUES ('173', to_date('17/11/2021', 'DD/MM/YYYY'), SYSTIMESTAMP, 'ativa');
INSERT INTO OPERACAO (IDOPERACAO, DATA, INSTANTE, ESTADO) VALUES ('174', to_date('28/11/2021', 'DD/MM/YYYY'), SYSTIMESTAMP, 'ativa');
INSERT INTO OPERACAO (IDOPERACAO, DATA, INSTANTE, ESTADO) VALUES ('175', to_date('03/12/2021', 'DD/MM/YYYY'), SYSTIMESTAMP, 'ativa');
INSERT INTO OPERACAO (IDOPERACAO, DATA, INSTANTE, ESTADO) VALUES ('176', to_date('16/12/2021', 'DD/MM/YYYY'), SYSTIMESTAMP, 'ativa');
INSERT INTO OPERACAO (IDOPERACAO, DATA, INSTANTE, ESTADO) VALUES ('177', to_date('18/12/2021', 'DD/MM/YYYY'), SYSTIMESTAMP, 'ativa');
INSERT INTO OPERACAO (IDOPERACAO, DATA, INSTANTE, ESTADO) VALUES ('178', to_date('18/12/2021', 'DD/MM/YYYY'), SYSTIMESTAMP, 'ativa');
INSERT INTO OPERACAO (IDOPERACAO, DATA, INSTANTE, ESTADO) VALUES ('179', to_date('10/11/2022', 'DD/MM/YYYY'), SYSTIMESTAMP, 'ativa');
INSERT INTO OPERACAO (IDOPERACAO, DATA, INSTANTE, ESTADO) VALUES ('180', to_date('10/11/2022', 'DD/MM/YYYY'), SYSTIMESTAMP, 'ativa');
INSERT INTO OPERACAO (IDOPERACAO, DATA, INSTANTE, ESTADO) VALUES ('181', to_date('04/12/2022', 'DD/MM/YYYY'), SYSTIMESTAMP, 'ativa');
INSERT INTO OPERACAO (IDOPERACAO, DATA, INSTANTE, ESTADO) VALUES ('182', to_date('07/12/2022', 'DD/MM/YYYY'), SYSTIMESTAMP, 'ativa');
INSERT INTO OPERACAO (IDOPERACAO, DATA, INSTANTE, ESTADO) VALUES ('183', to_date('16/12/2022', 'DD/MM/YYYY'), SYSTIMESTAMP, 'ativa');
INSERT INTO OPERACAO (IDOPERACAO, DATA, INSTANTE, ESTADO) VALUES ('184', to_date('18/12/2022', 'DD/MM/YYYY'), SYSTIMESTAMP, 'ativa');
INSERT INTO OPERACAO (IDOPERACAO, DATA, INSTANTE, ESTADO) VALUES ('185', to_date('12/01/2023', 'DD/MM/YYYY'), SYSTIMESTAMP, 'ativa');
INSERT INTO OPERACAO (IDOPERACAO, DATA, INSTANTE, ESTADO) VALUES ('186', to_date('12/03/2020', 'DD/MM/YYYY'), SYSTIMESTAMP, 'ativa');
INSERT INTO OPERACAO (IDOPERACAO, DATA, INSTANTE, ESTADO) VALUES ('187', to_date('05/04/2020', 'DD/MM/YYYY'), SYSTIMESTAMP, 'ativa');
INSERT INTO OPERACAO (IDOPERACAO, DATA, INSTANTE, ESTADO) VALUES ('188', to_date('02/06/2020', 'DD/MM/YYYY'), SYSTIMESTAMP, 'ativa');
INSERT INTO OPERACAO (IDOPERACAO, DATA, INSTANTE, ESTADO) VALUES ('189', to_date('20/09/2020', 'DD/MM/YYYY'), SYSTIMESTAMP, 'ativa');
INSERT INTO OPERACAO (IDOPERACAO, DATA, INSTANTE, ESTADO) VALUES ('190', to_date('10/10/2020', 'DD/MM/YYYY'), SYSTIMESTAMP, 'ativa');
INSERT INTO OPERACAO (IDOPERACAO, DATA, INSTANTE, ESTADO) VALUES ('191', to_date('12/10/2020', 'DD/MM/YYYY'), SYSTIMESTAMP, 'ativa');
INSERT INTO OPERACAO (IDOPERACAO, DATA, INSTANTE, ESTADO) VALUES ('192', to_date('10/03/2021', 'DD/MM/YYYY'), SYSTIMESTAMP, 'ativa');
INSERT INTO OPERACAO (IDOPERACAO, DATA, INSTANTE, ESTADO) VALUES ('193', to_date('03/04/2021', 'DD/MM/YYYY'), SYSTIMESTAMP, 'ativa');
INSERT INTO OPERACAO (IDOPERACAO, DATA, INSTANTE, ESTADO) VALUES ('194', to_date('15/04/2021', 'DD/MM/YYYY'), SYSTIMESTAMP, 'ativa');
INSERT INTO OPERACAO (IDOPERACAO, DATA, INSTANTE, ESTADO) VALUES ('195', to_date('02/06/2021', 'DD/MM/YYYY'), SYSTIMESTAMP, 'ativa');
INSERT INTO OPERACAO (IDOPERACAO, DATA, INSTANTE, ESTADO) VALUES ('196', to_date('20/09/2021', 'DD/MM/YYYY'), SYSTIMESTAMP, 'ativa');
INSERT INTO OPERACAO (IDOPERACAO, DATA, INSTANTE, ESTADO) VALUES ('197', to_date('03/10/2021', 'DD/MM/YYYY'), SYSTIMESTAMP, 'ativa');
INSERT INTO OPERACAO (IDOPERACAO, DATA, INSTANTE, ESTADO) VALUES ('198', to_date('06/10/2021', 'DD/MM/YYYY'), SYSTIMESTAMP, 'ativa');
INSERT INTO OPERACAO (IDOPERACAO, DATA, INSTANTE, ESTADO) VALUES ('199', to_date('06/03/2022', 'DD/MM/YYYY'), SYSTIMESTAMP, 'ativa');
INSERT INTO OPERACAO (IDOPERACAO, DATA, INSTANTE, ESTADO) VALUES ('200', to_date('08/04/2022', 'DD/MM/YYYY'), SYSTIMESTAMP, 'ativa');
INSERT INTO OPERACAO (IDOPERACAO, DATA, INSTANTE, ESTADO) VALUES ('201', to_date('15/04/2022', 'DD/MM/YYYY'), SYSTIMESTAMP, 'ativa');
INSERT INTO OPERACAO (IDOPERACAO, DATA, INSTANTE, ESTADO) VALUES ('202', to_date('30/05/2022', 'DD/MM/YYYY'), SYSTIMESTAMP, 'ativa');
INSERT INTO OPERACAO (IDOPERACAO, DATA, INSTANTE, ESTADO) VALUES ('203', to_date('20/09/2022', 'DD/MM/YYYY'), SYSTIMESTAMP, 'ativa');
INSERT INTO OPERACAO (IDOPERACAO, DATA, INSTANTE, ESTADO) VALUES ('204', to_date('12/10/2022', 'DD/MM/YYYY'), SYSTIMESTAMP, 'ativa');
INSERT INTO OPERACAO (IDOPERACAO, DATA, INSTANTE, ESTADO) VALUES ('205', to_date('04/05/2023', 'DD/MM/YYYY'), SYSTIMESTAMP, 'ativa');
INSERT INTO OPERACAO (IDOPERACAO, DATA, INSTANTE, ESTADO) VALUES ('206', to_date('04/06/2023', 'DD/MM/YYYY'), SYSTIMESTAMP, 'ativa');
INSERT INTO OPERACAO (IDOPERACAO, DATA, INSTANTE, ESTADO) VALUES ('207', to_date('07/05/2023', 'DD/MM/YYYY'), SYSTIMESTAMP, 'ativa');
INSERT INTO OPERACAO (IDOPERACAO, DATA, INSTANTE, ESTADO) VALUES ('208', to_date('10/12/2023', 'DD/MM/YYYY'), SYSTIMESTAMP, 'ativa');
INSERT INTO OPERACAO (IDOPERACAO, DATA, INSTANTE, ESTADO) VALUES ('209', to_date('05/08/2023', 'DD/MM/YYYY'), SYSTIMESTAMP, 'ativa');
INSERT INTO OPERACAO (IDOPERACAO, DATA, INSTANTE, ESTADO) VALUES ('210', to_date('20/05/2023', 'DD/MM/YYYY'), SYSTIMESTAMP, 'ativa');
INSERT INTO OPERACAO (IDOPERACAO, DATA, INSTANTE, ESTADO) VALUES ('211', to_date('20/06/2023', 'DD/MM/YYYY'), SYSTIMESTAMP, 'ativa');
INSERT INTO OPERACAO (IDOPERACAO, DATA, INSTANTE, ESTADO) VALUES ('212', to_date('08/08/2023', 'DD/MM/YYYY'), SYSTIMESTAMP, 'ativa');
INSERT INTO OPERACAO (IDOPERACAO, DATA, INSTANTE, ESTADO) VALUES ('213', to_date('14/05/2023', 'DD/MM/YYYY'), SYSTIMESTAMP, 'ativa');
INSERT INTO OPERACAO (IDOPERACAO, DATA, INSTANTE, ESTADO) VALUES ('214', to_date('01/07/2023', 'DD/MM/YYYY'), SYSTIMESTAMP, 'ativa');
INSERT INTO OPERACAO (IDOPERACAO, DATA, INSTANTE, ESTADO) VALUES ('215', to_date('15/06/2023', 'DD/MM/YYYY'), SYSTIMESTAMP, 'ativa');
INSERT INTO OPERACAO (IDOPERACAO, DATA, INSTANTE, ESTADO) VALUES ('216', to_date('30/06/2023', 'DD/MM/YYYY'), SYSTIMESTAMP, 'ativa');
INSERT INTO OPERACAO (IDOPERACAO, DATA, INSTANTE, ESTADO) VALUES ('217', to_date('07/07/2023', 'DD/MM/YYYY'), SYSTIMESTAMP, 'ativa');
INSERT INTO OPERACAO (IDOPERACAO, DATA, INSTANTE, ESTADO) VALUES ('218', to_date('14/07/2023', 'DD/MM/YYYY'), SYSTIMESTAMP, 'ativa');
INSERT INTO OPERACAO (IDOPERACAO, DATA, INSTANTE, ESTADO) VALUES ('219', to_date('21/07/2023', 'DD/MM/YYYY'), SYSTIMESTAMP, 'ativa');
INSERT INTO OPERACAO (IDOPERACAO, DATA, INSTANTE, ESTADO) VALUES ('220', to_date('28/07/2023', 'DD/MM/YYYY'), SYSTIMESTAMP, 'ativa');
INSERT INTO OPERACAO (IDOPERACAO, DATA, INSTANTE, ESTADO) VALUES ('221', to_date('04/08/2023', 'DD/MM/YYYY'), SYSTIMESTAMP, 'ativa');
INSERT INTO OPERACAO (IDOPERACAO, DATA, INSTANTE, ESTADO) VALUES ('222', to_date('11/08/2023', 'DD/MM/YYYY'), SYSTIMESTAMP, 'ativa');
INSERT INTO OPERACAO (IDOPERACAO, DATA, INSTANTE, ESTADO) VALUES ('223', to_date('18/07/2023', 'DD/MM/YYYY'), SYSTIMESTAMP, 'ativa');
INSERT INTO OPERACAO (IDOPERACAO, DATA, INSTANTE, ESTADO) VALUES ('224', to_date('25/08/2023', 'DD/MM/YYYY'), SYSTIMESTAMP, 'ativa');
INSERT INTO OPERACAO (IDOPERACAO, DATA, INSTANTE, ESTADO) VALUES ('225', to_date('01/09/2023', 'DD/MM/YYYY'), SYSTIMESTAMP, 'ativa');
INSERT INTO OPERACAO (IDOPERACAO, DATA, INSTANTE, ESTADO) VALUES ('226', to_date('08/09/2023', 'DD/MM/YYYY'), SYSTIMESTAMP, 'ativa');
INSERT INTO OPERACAO (IDOPERACAO, DATA, INSTANTE, ESTADO) VALUES ('227', to_date('15/09/2023', 'DD/MM/YYYY'), SYSTIMESTAMP, 'ativa');
INSERT INTO OPERACAO (IDOPERACAO, DATA, INSTANTE, ESTADO) VALUES ('228', to_date('17/06/2023', 'DD/MM/YYYY'), SYSTIMESTAMP, 'ativa');
INSERT INTO OPERACAO (IDOPERACAO, DATA, INSTANTE, ESTADO) VALUES ('229', to_date('17/07/2023', 'DD/MM/YYYY'), SYSTIMESTAMP, 'ativa');
INSERT INTO OPERACAO (IDOPERACAO, DATA, INSTANTE, ESTADO) VALUES ('230', to_date('17/08/2023', 'DD/MM/YYYY'), SYSTIMESTAMP, 'ativa');
INSERT INTO OPERACAO (IDOPERACAO, DATA, INSTANTE, ESTADO) VALUES ('231', to_date('04/09/2023', 'DD/MM/YYYY'), SYSTIMESTAMP, 'ativa');
INSERT INTO OPERACAO (IDOPERACAO, DATA, INSTANTE, ESTADO) VALUES ('232', to_date('18/09/2023', 'DD/MM/YYYY'), SYSTIMESTAMP, 'ativa');
INSERT INTO OPERACAO (IDOPERACAO, DATA, INSTANTE, ESTADO) VALUES ('233', to_date('02/10/2023', 'DD/MM/YYYY'), SYSTIMESTAMP, 'ativa');
INSERT INTO OPERACAO (IDOPERACAO, DATA, INSTANTE, ESTADO) VALUES ('234', to_date('13/05/2023', 'DD/MM/YYYY'), SYSTIMESTAMP, 'ativa');
INSERT INTO OPERACAO (IDOPERACAO, DATA, INSTANTE, ESTADO) VALUES ('235', to_date('02/06/2023', 'DD/MM/YYYY'), SYSTIMESTAMP, 'ativa');
INSERT INTO OPERACAO (IDOPERACAO, DATA, INSTANTE, ESTADO) VALUES ('236', to_date('01/07/2023', 'DD/MM/YYYY'), SYSTIMESTAMP, 'ativa');
INSERT INTO OPERACAO (IDOPERACAO, DATA, INSTANTE, ESTADO) VALUES ('237', to_date('08/07/2023', 'DD/MM/YYYY'), SYSTIMESTAMP, 'ativa');
INSERT INTO OPERACAO (IDOPERACAO, DATA, INSTANTE, ESTADO) VALUES ('238', to_date('22/07/2023', 'DD/MM/YYYY'), SYSTIMESTAMP, 'ativa');
INSERT INTO OPERACAO (IDOPERACAO, DATA, INSTANTE, ESTADO) VALUES ('239', to_date('29/07/2023', 'DD/MM/YYYY'), SYSTIMESTAMP, 'ativa');
INSERT INTO OPERACAO (IDOPERACAO, DATA, INSTANTE, ESTADO) VALUES ('240', to_date('05/08/2023', 'DD/MM/YYYY'), SYSTIMESTAMP, 'ativa');
INSERT INTO OPERACAO (IDOPERACAO, DATA, INSTANTE, ESTADO) VALUES ('241', to_date('17/08/2023', 'DD/MM/YYYY'), SYSTIMESTAMP, 'ativa');
INSERT INTO OPERACAO (IDOPERACAO, DATA, INSTANTE, ESTADO) VALUES ('242', to_date('24/08/2023', 'DD/MM/YYYY'), SYSTIMESTAMP, 'ativa');
INSERT INTO OPERACAO (IDOPERACAO, DATA, INSTANTE, ESTADO) VALUES ('243', to_date('02/09/2023', 'DD/MM/YYYY'), SYSTIMESTAMP, 'ativa');
INSERT INTO OPERACAO (IDOPERACAO, DATA, INSTANTE, ESTADO) VALUES ('244', to_date('18/09/2023', 'DD/MM/YYYY'), SYSTIMESTAMP, 'ativa');
INSERT INTO OPERACAO (IDOPERACAO, DATA, INSTANTE, ESTADO) VALUES ('245', to_date('12/06/2023', 'DD/MM/YYYY'), SYSTIMESTAMP, 'ativa');
INSERT INTO OPERACAO (IDOPERACAO, DATA, INSTANTE, ESTADO) VALUES ('246', to_date('19/06/2023', 'DD/MM/YYYY'), SYSTIMESTAMP, 'ativa');
INSERT INTO OPERACAO (IDOPERACAO, DATA, INSTANTE, ESTADO) VALUES ('247', to_date('08/07/2023', 'DD/MM/YYYY'), SYSTIMESTAMP, 'ativa');
INSERT INTO OPERACAO (IDOPERACAO, DATA, INSTANTE, ESTADO) VALUES ('248', to_date('22/07/2023', 'DD/MM/YYYY'), SYSTIMESTAMP, 'ativa');
INSERT INTO OPERACAO (IDOPERACAO, DATA, INSTANTE, ESTADO) VALUES ('249', to_date('05/08/2023', 'DD/MM/YYYY'), SYSTIMESTAMP, 'ativa');
INSERT INTO OPERACAO (IDOPERACAO, DATA, INSTANTE, ESTADO) VALUES ('250', to_date('19/08/2023', 'DD/MM/YYYY'), SYSTIMESTAMP, 'ativa');
INSERT INTO OPERACAO (IDOPERACAO, DATA, INSTANTE, ESTADO) VALUES ('251', to_date('26/08/2023', 'DD/MM/YYYY'), SYSTIMESTAMP, 'ativa');
INSERT INTO OPERACAO (IDOPERACAO, DATA, INSTANTE, ESTADO) VALUES ('252', to_date('31/08/2023', 'DD/MM/YYYY'), SYSTIMESTAMP, 'ativa');
INSERT INTO OPERACAO (IDOPERACAO, DATA, INSTANTE, ESTADO) VALUES ('253', to_date('05/09/2023', 'DD/MM/YYYY'), SYSTIMESTAMP, 'ativa');
INSERT INTO OPERACAO (IDOPERACAO, DATA, INSTANTE, ESTADO) VALUES ('254', to_date('02/06/2023', 'DD/MM/YYYY'), SYSTIMESTAMP, 'ativa');
INSERT INTO OPERACAO (IDOPERACAO, DATA, INSTANTE, ESTADO) VALUES ('255', to_date('09/06/2023', 'DD/MM/YYYY'), SYSTIMESTAMP, 'ativa');
INSERT INTO OPERACAO (IDOPERACAO, DATA, INSTANTE, ESTADO) VALUES ('256', to_date('16/07/2023', 'DD/MM/YYYY'), SYSTIMESTAMP, 'ativa');
INSERT INTO OPERACAO (IDOPERACAO, DATA, INSTANTE, ESTADO) VALUES ('257', to_date('23/07/2023', 'DD/MM/YYYY'), SYSTIMESTAMP, 'ativa');
INSERT INTO OPERACAO (IDOPERACAO, DATA, INSTANTE, ESTADO) VALUES ('258', to_date('30/07/2023', 'DD/MM/YYYY'), SYSTIMESTAMP, 'ativa');
INSERT INTO OPERACAO (IDOPERACAO, DATA, INSTANTE, ESTADO) VALUES ('259', to_date('07/08/2023', 'DD/MM/YYYY'), SYSTIMESTAMP, 'ativa');
INSERT INTO OPERACAO (IDOPERACAO, DATA, INSTANTE, ESTADO) VALUES ('260', to_date('14/08/2023', 'DD/MM/YYYY'), SYSTIMESTAMP, 'ativa');
INSERT INTO OPERACAO (IDOPERACAO, DATA, INSTANTE, ESTADO) VALUES ('261', to_date('21/08/2023', 'DD/MM/YYYY'), SYSTIMESTAMP, 'ativa');
INSERT INTO OPERACAO (IDOPERACAO, DATA, INSTANTE, ESTADO) VALUES ('262', to_date('28/08/2023', 'DD/MM/YYYY'), SYSTIMESTAMP, 'ativa');
INSERT INTO OPERACAO (IDOPERACAO, DATA, INSTANTE, ESTADO) VALUES ('263', to_date('06/09/2023', 'DD/MM/YYYY'), SYSTIMESTAMP, 'ativa');
INSERT INTO OPERACAO (IDOPERACAO, DATA, INSTANTE, ESTADO) VALUES ('264', to_date('13/09/2023', 'DD/MM/YYYY'), SYSTIMESTAMP, 'ativa');
INSERT INTO OPERACAO (IDOPERACAO, DATA, INSTANTE, ESTADO) VALUES ('265', to_date('20/09/2023', 'DD/MM/YYYY'), SYSTIMESTAMP, 'ativa');
INSERT INTO OPERACAO (IDOPERACAO, DATA, INSTANTE, ESTADO) VALUES ('266', to_date('02/06/2023', 'DD/MM/YYYY'), SYSTIMESTAMP, 'ativa');
INSERT INTO OPERACAO (IDOPERACAO, DATA, INSTANTE, ESTADO) VALUES ('267', to_date('02/07/2023', 'DD/MM/YYYY'), SYSTIMESTAMP, 'ativa');
INSERT INTO OPERACAO (IDOPERACAO, DATA, INSTANTE, ESTADO) VALUES ('268', to_date('02/08/2023', 'DD/MM/YYYY'), SYSTIMESTAMP, 'ativa');
INSERT INTO OPERACAO (IDOPERACAO, DATA, INSTANTE, ESTADO) VALUES ('269', to_date('16/06/2023', 'DD/MM/YYYY'), SYSTIMESTAMP, 'ativa');
INSERT INTO OPERACAO (IDOPERACAO, DATA, INSTANTE, ESTADO) VALUES ('270', to_date('15/07/2023', 'DD/MM/YYYY'), SYSTIMESTAMP, 'ativa');
INSERT INTO OPERACAO (IDOPERACAO, DATA, INSTANTE, ESTADO) VALUES ('271', to_date('10/08/2023', 'DD/MM/YYYY'), SYSTIMESTAMP, 'ativa');
INSERT INTO OPERACAO (IDOPERACAO, DATA, INSTANTE, ESTADO) VALUES ('272', to_date('09/09/2023', 'DD/MM/YYYY'), SYSTIMESTAMP, 'ativa');
INSERT INTO OPERACAO (IDOPERACAO, DATA, INSTANTE, ESTADO) VALUES ('273', to_date('30/06/2023', 'DD/MM/YYYY'), SYSTIMESTAMP, 'ativa');
INSERT INTO OPERACAO (IDOPERACAO, DATA, INSTANTE, ESTADO) VALUES ('274', to_date('15/07/2023', 'DD/MM/YYYY'), SYSTIMESTAMP, 'ativa');
INSERT INTO OPERACAO (IDOPERACAO, DATA, INSTANTE, ESTADO) VALUES ('275', to_date('29/07/2023', 'DD/MM/YYYY'), SYSTIMESTAMP, 'ativa');
INSERT INTO OPERACAO (IDOPERACAO, DATA, INSTANTE, ESTADO) VALUES ('276', to_date('12/08/2023', 'DD/MM/YYYY'), SYSTIMESTAMP, 'ativa');
INSERT INTO OPERACAO (IDOPERACAO, DATA, INSTANTE, ESTADO) VALUES ('277', to_date('20/05/2023', 'DD/MM/YYYY'), SYSTIMESTAMP, 'ativa');
INSERT INTO OPERACAO (IDOPERACAO, DATA, INSTANTE, ESTADO) VALUES ('278', to_date('09/07/2023', 'DD/MM/YYYY'), SYSTIMESTAMP, 'ativa');

INSERT INTO Colheita (IDOPERACAO, DESIGNACAOPARCELA, PRODUTOAGRICOLADESIGNACAO, QUANTIDADE) VALUES ('11', 'Horta nova', 'Cenoura Scarlet Nantes', 2200);
INSERT INTO Colheita (IDOPERACAO, DESIGNACAOPARCELA, PRODUTOAGRICOLADESIGNACAO, QUANTIDADE) VALUES ('12', 'Horta nova', 'Cenoura Scarlet Nantes', 1400);
INSERT INTO Colheita (IDOPERACAO, DESIGNACAOPARCELA, PRODUTOAGRICOLADESIGNACAO, QUANTIDADE) VALUES ('13', 'Campo do poço', 'Milho Mas 24.C', 3300);
INSERT INTO Colheita (IDOPERACAO, DESIGNACAOPARCELA, PRODUTOAGRICOLADESIGNACAO, QUANTIDADE) VALUES ('14', 'Horta nova', 'Cenoura Nelson Hybrid', 600);
INSERT INTO Colheita (IDOPERACAO, DESIGNACAOPARCELA, PRODUTOAGRICOLADESIGNACAO, QUANTIDADE) VALUES ('15', 'Horta nova', 'Cenoura Nelson Hybrid', 1800);
INSERT INTO Colheita (IDOPERACAO, DESIGNACAOPARCELA, PRODUTOAGRICOLADESIGNACAO, QUANTIDADE) VALUES ('16', 'Horta nova', 'Nabo S. Cosme', 600);
INSERT INTO Colheita (IDOPERACAO, DESIGNACAOPARCELA, PRODUTOAGRICOLADESIGNACAO, QUANTIDADE) VALUES ('17', 'Horta nova', 'Nabo S. Cosme', 2500);
INSERT INTO Colheita (IDOPERACAO, DESIGNACAOPARCELA, PRODUTOAGRICOLADESIGNACAO, QUANTIDADE) VALUES ('18', 'Horta nova', 'Nabo S. Cosme', 2900);
INSERT INTO Colheita (IDOPERACAO, DESIGNACAOPARCELA, PRODUTOAGRICOLADESIGNACAO, QUANTIDADE) VALUES ('19', 'Horta nova', 'Cenoura Sugarsnax Hybrid', 2200);
INSERT INTO Colheita (IDOPERACAO, DESIGNACAOPARCELA, PRODUTOAGRICOLADESIGNACAO, QUANTIDADE) VALUES ('20', 'Horta nova', 'Cenoura Sugarsnax Hybrid', 1400);
INSERT INTO Colheita (IDOPERACAO, DESIGNACAOPARCELA, PRODUTOAGRICOLADESIGNACAO, QUANTIDADE) VALUES ('21', 'Vinha', 'Uva Dona Maria', 300);
INSERT INTO Colheita (IDOPERACAO, DESIGNACAOPARCELA, PRODUTOAGRICOLADESIGNACAO, QUANTIDADE) VALUES ('22', 'Vinha', 'Uva Dona Maria', 400);
INSERT INTO Colheita (IDOPERACAO, DESIGNACAOPARCELA, PRODUTOAGRICOLADESIGNACAO, QUANTIDADE) VALUES ('23', 'Campo da bouça', 'Milho Doce Golden Bantam', 3300);
INSERT INTO Colheita (IDOPERACAO, DESIGNACAOPARCELA, PRODUTOAGRICOLADESIGNACAO, QUANTIDADE) VALUES ('24', 'Lameiro da ponte', 'Maçã Royal Gala', 900);
INSERT INTO Colheita (IDOPERACAO, DESIGNACAOPARCELA, PRODUTOAGRICOLADESIGNACAO, QUANTIDADE) VALUES ('25', 'Campo do poço', 'Milho Mas 24.C', 3300);
INSERT INTO Colheita (IDOPERACAO, DESIGNACAOPARCELA, PRODUTOAGRICOLADESIGNACAO, QUANTIDADE) VALUES ('26', 'Horta nova', 'Cenoura Danvers Half Long', 600);
INSERT INTO Colheita (IDOPERACAO, DESIGNACAOPARCELA, PRODUTOAGRICOLADESIGNACAO, QUANTIDADE) VALUES ('27', 'Lameiro da ponte', 'Maçã Royal Gala', 800);
INSERT INTO Colheita (IDOPERACAO, DESIGNACAOPARCELA, PRODUTOAGRICOLADESIGNACAO, QUANTIDADE) VALUES ('28', 'Horta nova', 'Cenoura Danvers Half Long', 1800);
INSERT INTO Colheita (IDOPERACAO, DESIGNACAOPARCELA, PRODUTOAGRICOLADESIGNACAO, QUANTIDADE) VALUES ('29', 'Lameiro da ponte', 'Maçã Royal Jonagored', 800);
INSERT INTO Colheita (IDOPERACAO, DESIGNACAOPARCELA, PRODUTOAGRICOLADESIGNACAO, QUANTIDADE) VALUES ('30', 'Lameiro da ponte', 'Maçã Royal Jonagored', 1200);
INSERT INTO Colheita (IDOPERACAO, DESIGNACAOPARCELA, PRODUTOAGRICOLADESIGNACAO, QUANTIDADE) VALUES ('31', 'Lameiro da ponte', 'Maçã Fuji', 950);
INSERT INTO Colheita (IDOPERACAO, DESIGNACAOPARCELA, PRODUTOAGRICOLADESIGNACAO, QUANTIDADE) VALUES ('32', 'Lameiro da ponte', 'Maçã Fuji', 750);
INSERT INTO Colheita (IDOPERACAO, DESIGNACAOPARCELA, PRODUTOAGRICOLADESIGNACAO, QUANTIDADE) VALUES ('33', 'Campo grande', 'Azeitona Galega', 210);
INSERT INTO Colheita (IDOPERACAO, DESIGNACAOPARCELA, PRODUTOAGRICOLADESIGNACAO, QUANTIDADE) VALUES ('34', 'Campo grande', 'Azeitona Picual', 120);
INSERT INTO Colheita (IDOPERACAO, DESIGNACAOPARCELA, PRODUTOAGRICOLADESIGNACAO, QUANTIDADE) VALUES ('35', 'Horta nova', 'Nabo S. Cosme', 600);
INSERT INTO Colheita (IDOPERACAO, DESIGNACAOPARCELA, PRODUTOAGRICOLADESIGNACAO, QUANTIDADE) VALUES ('36', 'Horta nova', 'Nabo S. Cosme', 2500);
INSERT INTO Colheita (IDOPERACAO, DESIGNACAOPARCELA, PRODUTOAGRICOLADESIGNACAO, QUANTIDADE) VALUES ('37', 'Horta nova', 'Nabo S. Cosme', 2900);
INSERT INTO Colheita (IDOPERACAO, DESIGNACAOPARCELA, PRODUTOAGRICOLADESIGNACAO, QUANTIDADE) VALUES ('38', 'Horta nova', 'Cenoura Sugarsnax Hybrid', 2250);
INSERT INTO Colheita (IDOPERACAO, DESIGNACAOPARCELA, PRODUTOAGRICOLADESIGNACAO, QUANTIDADE) VALUES ('39', 'Horta nova', 'Cenoura Sugarsnax Hybrid', 1300);
INSERT INTO Colheita (IDOPERACAO, DESIGNACAOPARCELA, PRODUTOAGRICOLADESIGNACAO, QUANTIDADE) VALUES ('40', 'Vinha', 'Uva Dona Maria', 600);
INSERT INTO Colheita (IDOPERACAO, DESIGNACAOPARCELA, PRODUTOAGRICOLADESIGNACAO, QUANTIDADE) VALUES ('41', 'Vinha', 'Uva Dona Maria', 500);
INSERT INTO Colheita (IDOPERACAO, DESIGNACAOPARCELA, PRODUTOAGRICOLADESIGNACAO, QUANTIDADE) VALUES ('42', 'Vinha', 'Uva Cardinal', 1200);
INSERT INTO Colheita (IDOPERACAO, DESIGNACAOPARCELA, PRODUTOAGRICOLADESIGNACAO, QUANTIDADE) VALUES ('43', 'Campo da bouça', 'Milho Doce Golden Bantam', 3500);
INSERT INTO Colheita (IDOPERACAO, DESIGNACAOPARCELA, PRODUTOAGRICOLADESIGNACAO, QUANTIDADE) VALUES ('44', 'Campo do poço', 'Milho Mas 24.C', 3300);
INSERT INTO Colheita (IDOPERACAO, DESIGNACAOPARCELA, PRODUTOAGRICOLADESIGNACAO, QUANTIDADE) VALUES ('45', 'Lameiro da ponte', 'Maçã Royal Gala', 950);
INSERT INTO Colheita (IDOPERACAO, DESIGNACAOPARCELA, PRODUTOAGRICOLADESIGNACAO, QUANTIDADE) VALUES ('46', 'Horta nova', 'Cenoura Nelson Hybrid', 650);
INSERT INTO Colheita (IDOPERACAO, DESIGNACAOPARCELA, PRODUTOAGRICOLADESIGNACAO, QUANTIDADE) VALUES ('47', 'Horta nova', 'Cenoura Nelson Hybrid', 1900);
INSERT INTO Colheita (IDOPERACAO, DESIGNACAOPARCELA, PRODUTOAGRICOLADESIGNACAO, QUANTIDADE) VALUES ('48', 'Lameiro da ponte', 'Maçã Royal Gala', 830);
INSERT INTO Colheita (IDOPERACAO, DESIGNACAOPARCELA, PRODUTOAGRICOLADESIGNACAO, QUANTIDADE) VALUES ('49', 'Lameiro da ponte', 'Maçã Royal Jonagored', 750);
INSERT INTO Colheita (IDOPERACAO, DESIGNACAOPARCELA, PRODUTOAGRICOLADESIGNACAO, QUANTIDADE) VALUES ('50', 'Lameiro da ponte', 'Maçã Royal Jonagored', 1150);
INSERT INTO Colheita (IDOPERACAO, DESIGNACAOPARCELA, PRODUTOAGRICOLADESIGNACAO, QUANTIDADE) VALUES ('51', 'Lameiro da ponte', 'Maçã Fuji', 850);
INSERT INTO Colheita (IDOPERACAO, DESIGNACAOPARCELA, PRODUTOAGRICOLADESIGNACAO, QUANTIDADE) VALUES ('52', 'Lameiro da ponte', 'Maçã Fuji', 900);
INSERT INTO Colheita (IDOPERACAO, DESIGNACAOPARCELA, PRODUTOAGRICOLADESIGNACAO, QUANTIDADE) VALUES ('53', 'Campo grande', 'Azeitona Galega', 300);
INSERT INTO Colheita (IDOPERACAO, DESIGNACAOPARCELA, PRODUTOAGRICOLADESIGNACAO, QUANTIDADE) VALUES ('54', 'Campo grande', 'Azeitona Picual', 200);
INSERT INTO Colheita (IDOPERACAO, DESIGNACAOPARCELA, PRODUTOAGRICOLADESIGNACAO, QUANTIDADE) VALUES ('55', 'Horta nova', 'Nabo Greleiro Senhora Conceição', 50);
INSERT INTO Colheita (IDOPERACAO, DESIGNACAOPARCELA, PRODUTOAGRICOLADESIGNACAO, QUANTIDADE) VALUES ('56', 'Horta nova', 'Nabo Greleiro Senhora Conceição', 200);
INSERT INTO Colheita (IDOPERACAO, DESIGNACAOPARCELA, PRODUTOAGRICOLADESIGNACAO, QUANTIDADE) VALUES ('57', 'Horta nova', 'Nabo Greleiro Senhora Conceição', 250);
INSERT INTO Colheita (IDOPERACAO, DESIGNACAOPARCELA, PRODUTOAGRICOLADESIGNACAO, QUANTIDADE) VALUES ('58', 'Lameiro da ponte', 'Maçã Royal Gala', 700);
INSERT INTO Colheita (IDOPERACAO, DESIGNACAOPARCELA, PRODUTOAGRICOLADESIGNACAO, QUANTIDADE) VALUES ('59', 'Lameiro da ponte', 'Maçã Royal Gala', 900);
INSERT INTO Colheita (IDOPERACAO, DESIGNACAOPARCELA, PRODUTOAGRICOLADESIGNACAO, QUANTIDADE) VALUES ('60', 'Lameiro da ponte', 'Maçã Royal Jonagored', 900);
INSERT INTO Colheita (IDOPERACAO, DESIGNACAOPARCELA, PRODUTOAGRICOLADESIGNACAO, QUANTIDADE) VALUES ('61', 'Lameiro da ponte', 'Maçã Royal Jonagored', 1050);
INSERT INTO Colheita (IDOPERACAO, DESIGNACAOPARCELA, PRODUTOAGRICOLADESIGNACAO, QUANTIDADE) VALUES ('62', 'Lameiro da ponte', 'Maçã Fuji', 950);
INSERT INTO Colheita (IDOPERACAO, DESIGNACAOPARCELA, PRODUTOAGRICOLADESIGNACAO, QUANTIDADE) VALUES ('63', 'Lameiro da ponte', 'Maçã Fuji', 800);
INSERT INTO Colheita (IDOPERACAO, DESIGNACAOPARCELA, PRODUTOAGRICOLADESIGNACAO, QUANTIDADE) VALUES ('64', 'Lameiro do moinho', 'Maçã Canada', 700);
INSERT INTO Colheita (IDOPERACAO, DESIGNACAOPARCELA, PRODUTOAGRICOLADESIGNACAO, QUANTIDADE) VALUES ('65', 'Lameiro do moinho', 'Maçã Grand Fay', 600);
INSERT INTO Colheita (IDOPERACAO, DESIGNACAOPARCELA, PRODUTOAGRICOLADESIGNACAO, QUANTIDADE) VALUES ('66', 'Lameiro do moinho', 'Maçã Grand Fay', 700);
INSERT INTO Colheita (IDOPERACAO, DESIGNACAOPARCELA, PRODUTOAGRICOLADESIGNACAO, QUANTIDADE) VALUES ('67', 'Lameiro do moinho', 'Maçã Pipo De Basto', 600);
INSERT INTO Colheita (IDOPERACAO, DESIGNACAOPARCELA, PRODUTOAGRICOLADESIGNACAO, QUANTIDADE) VALUES ('68', 'Lameiro do moinho', 'Maçã Pipo De Basto', 700);
INSERT INTO Colheita (IDOPERACAO, DESIGNACAOPARCELA, PRODUTOAGRICOLADESIGNACAO, QUANTIDADE) VALUES ('69', 'Lameiro do moinho', 'Maçã Gronho Doce', 1200);
INSERT INTO Colheita (IDOPERACAO, DESIGNACAOPARCELA, PRODUTOAGRICOLADESIGNACAO, QUANTIDADE) VALUES ('70', 'Lameiro do moinho', 'Maçã Malápio', 700);
INSERT INTO Colheita (IDOPERACAO, DESIGNACAOPARCELA, PRODUTOAGRICOLADESIGNACAO, QUANTIDADE) VALUES ('71', 'Lameiro do moinho', 'Maçã Porta Da Loja', 700);
INSERT INTO Colheita (IDOPERACAO, DESIGNACAOPARCELA, PRODUTOAGRICOLADESIGNACAO, QUANTIDADE) VALUES ('72', 'Lameiro do moinho', 'Maçã Porta Da Loja', 800);
INSERT INTO Colheita (IDOPERACAO, DESIGNACAOPARCELA, PRODUTOAGRICOLADESIGNACAO, QUANTIDADE) VALUES ('73', 'Campo grande', 'Azeitona Arbequina', 400);
INSERT INTO Colheita (IDOPERACAO, DESIGNACAOPARCELA, PRODUTOAGRICOLADESIGNACAO, QUANTIDADE) VALUES ('74', 'Campo grande', 'Azeitona Picual', 300);
INSERT INTO Colheita (IDOPERACAO, DESIGNACAOPARCELA, PRODUTOAGRICOLADESIGNACAO, QUANTIDADE) VALUES ('75', 'Campo grande', 'Azeitona Galega', 350);
INSERT INTO Colheita (IDOPERACAO, DESIGNACAOPARCELA, PRODUTOAGRICOLADESIGNACAO, QUANTIDADE) VALUES ('76', 'Campo Novo', 'Cenoura Sugarsnax Hybrid', 1500);
INSERT INTO Colheita (IDOPERACAO, DESIGNACAOPARCELA, PRODUTOAGRICOLADESIGNACAO, QUANTIDADE) VALUES ('77', 'Campo Novo', 'Cenoura Sugarsnax Hybrid', 2500);
INSERT INTO Colheita (IDOPERACAO, DESIGNACAOPARCELA, PRODUTOAGRICOLADESIGNACAO, QUANTIDADE) VALUES ('78', 'Campo Novo', 'Abóbora Manteiga', 8000);
INSERT INTO Colheita (IDOPERACAO, DESIGNACAOPARCELA, PRODUTOAGRICOLADESIGNACAO, QUANTIDADE) VALUES ('79', 'Campo Novo', 'Abóbora Manteiga', 5000);
INSERT INTO Colheita (IDOPERACAO, DESIGNACAOPARCELA, PRODUTOAGRICOLADESIGNACAO, QUANTIDADE) VALUES ('80', 'Campo Novo', 'Cenoura Danvers Half Long', 900);
INSERT INTO Colheita (IDOPERACAO, DESIGNACAOPARCELA, PRODUTOAGRICOLADESIGNACAO, QUANTIDADE) VALUES ('81', 'Campo Novo', 'Cenoura Danvers Half Long', 1500);
INSERT INTO Colheita (IDOPERACAO, DESIGNACAOPARCELA, PRODUTOAGRICOLADESIGNACAO, QUANTIDADE) VALUES ('82', 'Campo Novo', 'Cenoura Danvers Half Long', 1200);

INSERT INTO Rega (IDOPERACAO, DESIGNACAOSETOR, DATAHORA, DURACAOMIN) VALUES ('213', 'Setor 21', to_timestamp('14/05/2023 07:00', 'DD/MM/YYYY HH24:MI'), 120);
INSERT INTO Rega (IDOPERACAO, DESIGNACAOSETOR, DATAHORA, DURACAOMIN) VALUES ('214', 'Setor 21', to_timestamp('01/07/2023 07:00', 'DD/MM/YYYY HH24:MI'), 120);
INSERT INTO Rega (IDOPERACAO, DESIGNACAOSETOR, DATAHORA, DURACAOMIN) VALUES ('215', 'Setor 21', to_timestamp('15/06/2023 07:00', 'DD/MM/YYYY HH24:MI'), 120);
INSERT INTO Rega (IDOPERACAO, DESIGNACAOSETOR, DATAHORA, DURACAOMIN) VALUES ('216', 'Setor 21', to_timestamp('30/06/2023 07:00', 'DD/MM/YYYY HH24:MI'), 120);
INSERT INTO Rega (IDOPERACAO, DESIGNACAOSETOR, DATAHORA, DURACAOMIN) VALUES ('217', 'Setor 21', to_timestamp('07/07/2023 07:00', 'DD/MM/YYYY HH24:MI'), 180);
INSERT INTO Rega (IDOPERACAO, DESIGNACAOSETOR, DATAHORA, DURACAOMIN) VALUES ('218', 'Setor 21', to_timestamp('14/07/2023 22:00', 'DD/MM/YYYY HH24:MI'), 180);
INSERT INTO Rega (IDOPERACAO, DESIGNACAOSETOR, DATAHORA, DURACAOMIN) VALUES ('219', 'Setor 21', to_timestamp('21/07/2023 22:00', 'DD/MM/YYYY HH24:MI'), 180);
INSERT INTO Rega (IDOPERACAO, DESIGNACAOSETOR, DATAHORA, DURACAOMIN) VALUES ('220', 'Setor 21', to_timestamp('28/07/2023 22:00', 'DD/MM/YYYY HH24:MI'), 180);
INSERT INTO Rega (IDOPERACAO, DESIGNACAOSETOR, DATAHORA, DURACAOMIN) VALUES ('221', 'Setor 21', to_timestamp('04/08/2023 22:00', 'DD/MM/YYYY HH24:MI'), 150);
INSERT INTO Rega (IDOPERACAO, DESIGNACAOSETOR, DATAHORA, DURACAOMIN) VALUES ('222', 'Setor 21', to_timestamp('11/08/2023 22:00', 'DD/MM/YYYY HH24:MI'), 150);
INSERT INTO Rega (IDOPERACAO, DESIGNACAOSETOR, DATAHORA, DURACAOMIN) VALUES ('223', 'Setor 21', to_timestamp('18/07/2023 22:00', 'DD/MM/YYYY HH24:MI'), 150);
INSERT INTO Rega (IDOPERACAO, DESIGNACAOSETOR, DATAHORA, DURACAOMIN) VALUES ('224', 'Setor 21', to_timestamp('25/08/2023 22:00', 'DD/MM/YYYY HH24:MI'), 120);
INSERT INTO Rega (IDOPERACAO, DESIGNACAOSETOR, DATAHORA, DURACAOMIN) VALUES ('225', 'Setor 21', to_timestamp('01/09/2023 22:00', 'DD/MM/YYYY HH24:MI'), 120);
INSERT INTO Rega (IDOPERACAO, DESIGNACAOSETOR, DATAHORA, DURACAOMIN) VALUES ('226', 'Setor 21', to_timestamp('08/09/2023 22:00', 'DD/MM/YYYY HH24:MI'), 120);
INSERT INTO Rega (IDOPERACAO, DESIGNACAOSETOR, DATAHORA, DURACAOMIN) VALUES ('227', 'Setor 21', to_timestamp('15/09/2023 22:00', 'DD/MM/YYYY HH24:MI'), 120);
INSERT INTO Rega (IDOPERACAO, DESIGNACAOSETOR, DATAHORA, DURACAOMIN) VALUES ('228', 'Setor 10', to_timestamp('17/06/2023 05:00', 'DD/MM/YYYY HH24:MI'), 30);
INSERT INTO Rega (IDOPERACAO, DESIGNACAOSETOR, DATAHORA, DURACAOMIN) VALUES ('229', 'Setor 10', to_timestamp('17/07/2023 05:00', 'DD/MM/YYYY HH24:MI'), 30);
INSERT INTO Rega (IDOPERACAO, DESIGNACAOSETOR, DATAHORA, DURACAOMIN) VALUES ('230', 'Setor 10', to_timestamp('17/08/2023 05:00', 'DD/MM/YYYY HH24:MI'), 60);
INSERT INTO Rega (IDOPERACAO, DESIGNACAOSETOR, DATAHORA, DURACAOMIN) VALUES ('231', 'Setor 10', to_timestamp('04/09/2023 06:00', 'DD/MM/YYYY HH24:MI'), 120);
INSERT INTO Rega (IDOPERACAO, DESIGNACAOSETOR, DATAHORA, DURACAOMIN) VALUES ('232', 'Setor 10', to_timestamp('18/09/2023 05:00', 'DD/MM/YYYY HH24:MI'), 30);
INSERT INTO Rega (IDOPERACAO, DESIGNACAOSETOR, DATAHORA, DURACAOMIN) VALUES ('233', 'Setor 10', to_timestamp('02/10/2023 06:00', 'DD/MM/YYYY HH24:MI'), 60);
INSERT INTO Rega (IDOPERACAO, DESIGNACAOSETOR, DATAHORA, DURACAOMIN) VALUES ('234', 'Setor 22', to_timestamp('13/05/2023 23:00', 'DD/MM/YYYY HH24:MI'), 120);
INSERT INTO Rega (IDOPERACAO, DESIGNACAOSETOR, DATAHORA, DURACAOMIN) VALUES ('235', 'Setor 22', to_timestamp('02/06/2023 23:00', 'DD/MM/YYYY HH24:MI'), 120);
INSERT INTO Rega (IDOPERACAO, DESIGNACAOSETOR, DATAHORA, DURACAOMIN) VALUES ('236', 'Setor 22', to_timestamp('01/07/2023 23:00', 'DD/MM/YYYY HH24:MI'), 120);
INSERT INTO Rega (IDOPERACAO, DESIGNACAOSETOR, DATAHORA, DURACAOMIN) VALUES ('237', 'Setor 22', to_timestamp('08/07/2023 23:00', 'DD/MM/YYYY HH24:MI'), 180);
INSERT INTO Rega (IDOPERACAO, DESIGNACAOSETOR, DATAHORA, DURACAOMIN) VALUES ('238', 'Setor 22', to_timestamp('22/07/2023 23:00', 'DD/MM/YYYY HH24:MI'), 180);
INSERT INTO Rega (IDOPERACAO, DESIGNACAOSETOR, DATAHORA, DURACAOMIN) VALUES ('239', 'Setor 22', to_timestamp('29/07/2023 23:00', 'DD/MM/YYYY HH24:MI'), 180);
INSERT INTO Rega (IDOPERACAO, DESIGNACAOSETOR, DATAHORA, DURACAOMIN) VALUES ('240', 'Setor 22', to_timestamp('05/08/2023 23:00', 'DD/MM/YYYY HH24:MI'), 150);
INSERT INTO Rega (IDOPERACAO, DESIGNACAOSETOR, DATAHORA, DURACAOMIN) VALUES ('241', 'Setor 22', to_timestamp('17/08/2023 23:00', 'DD/MM/YYYY HH24:MI'), 150);
INSERT INTO Rega (IDOPERACAO, DESIGNACAOSETOR, DATAHORA, DURACAOMIN) VALUES ('242', 'Setor 22', to_timestamp('24/08/2023 23:00', 'DD/MM/YYYY HH24:MI'), 120);
INSERT INTO Rega (IDOPERACAO, DESIGNACAOSETOR, DATAHORA, DURACAOMIN) VALUES ('243', 'Setor 22', to_timestamp('02/09/2023 23:00', 'DD/MM/YYYY HH24:MI'), 120);
INSERT INTO Rega (IDOPERACAO, DESIGNACAOSETOR, DATAHORA, DURACAOMIN) VALUES ('244', 'Setor 22', to_timestamp('18/09/2023 23:00', 'DD/MM/YYYY HH24:MI'), 120);
INSERT INTO Rega (IDOPERACAO, DESIGNACAOSETOR, DATAHORA, DURACAOMIN) VALUES ('245', 'Setor 42', to_timestamp('12/06/2023 06:00', 'DD/MM/YYYY HH24:MI'), 60);
INSERT INTO Rega (IDOPERACAO, DESIGNACAOSETOR, DATAHORA, DURACAOMIN) VALUES ('246', 'Setor 42', to_timestamp('19/06/2023 06:00', 'DD/MM/YYYY HH24:MI'), 60);
INSERT INTO Rega (IDOPERACAO, DESIGNACAOSETOR, DATAHORA, DURACAOMIN) VALUES ('247', 'Setor 42', to_timestamp('08/07/2023 04:00', 'DD/MM/YYYY HH24:MI'), 120);
INSERT INTO Rega (IDOPERACAO, DESIGNACAOSETOR, DATAHORA, DURACAOMIN) VALUES ('248', 'Setor 42', to_timestamp('22/07/2023 04:00', 'DD/MM/YYYY HH24:MI'), 150);
INSERT INTO Rega (IDOPERACAO, DESIGNACAOSETOR, DATAHORA, DURACAOMIN) VALUES ('249', 'Setor 42', to_timestamp('05/08/2023 21:30', 'DD/MM/YYYY HH24:MI'), 120);
INSERT INTO Rega (IDOPERACAO, DESIGNACAOSETOR, DATAHORA, DURACAOMIN) VALUES ('250', 'Setor 42', to_timestamp('19/08/2023 21:30', 'DD/MM/YYYY HH24:MI'), 120);
INSERT INTO Rega (IDOPERACAO, DESIGNACAOSETOR, DATAHORA, DURACAOMIN) VALUES ('251', 'Setor 42', to_timestamp('26/08/2023 21:30', 'DD/MM/YYYY HH24:MI'), 120);
INSERT INTO Rega (IDOPERACAO, DESIGNACAOSETOR, DATAHORA, DURACAOMIN) VALUES ('252', 'Setor 42', to_timestamp('31/08/2023 21:30', 'DD/MM/YYYY HH24:MI'), 120);
INSERT INTO Rega (IDOPERACAO, DESIGNACAOSETOR, DATAHORA, DURACAOMIN) VALUES ('253', 'Setor 42', to_timestamp('05/09/2023 21:30', 'DD/MM/YYYY HH24:MI'), 120);
INSERT INTO Rega (IDOPERACAO, DESIGNACAOSETOR, DATAHORA, DURACAOMIN) VALUES ('254', 'Setor 41', to_timestamp('02/06/2023 07:30', 'DD/MM/YYYY HH24:MI'), 120);
INSERT INTO Rega (IDOPERACAO, DESIGNACAOSETOR, DATAHORA, DURACAOMIN) VALUES ('255', 'Setor 41', to_timestamp('09/06/2023 06:20', 'DD/MM/YYYY HH24:MI'), 120);
INSERT INTO Rega (IDOPERACAO, DESIGNACAOSETOR, DATAHORA, DURACAOMIN) VALUES ('256', 'Setor 41', to_timestamp('16/07/2023 06:20', 'DD/MM/YYYY HH24:MI'), 120);
INSERT INTO Rega (IDOPERACAO, DESIGNACAOSETOR, DATAHORA, DURACAOMIN) VALUES ('257', 'Setor 41', to_timestamp('23/07/2023 06:20', 'DD/MM/YYYY HH24:MI'), 120);
INSERT INTO Rega (IDOPERACAO, DESIGNACAOSETOR, DATAHORA, DURACAOMIN) VALUES ('258', 'Setor 41', to_timestamp('30/07/2023 06:20', 'DD/MM/YYYY HH24:MI'), 120);
INSERT INTO Rega (IDOPERACAO, DESIGNACAOSETOR, DATAHORA, DURACAOMIN) VALUES ('259', 'Setor 41', to_timestamp('07/08/2023 06:20', 'DD/MM/YYYY HH24:MI'), 120);
INSERT INTO Rega (IDOPERACAO, DESIGNACAOSETOR, DATAHORA, DURACAOMIN) VALUES ('260', 'Setor 41', to_timestamp('14/08/2023 06:20', 'DD/MM/YYYY HH24:MI'), 120);
INSERT INTO Rega (IDOPERACAO, DESIGNACAOSETOR, DATAHORA, DURACAOMIN) VALUES ('261', 'Setor 41', to_timestamp('21/08/2023 06:20', 'DD/MM/YYYY HH24:MI'), 120);
INSERT INTO Rega (IDOPERACAO, DESIGNACAOSETOR, DATAHORA, DURACAOMIN) VALUES ('262', 'Setor 41', to_timestamp('28/08/2023 06:20', 'DD/MM/YYYY HH24:MI'), 120);
INSERT INTO Rega (IDOPERACAO, DESIGNACAOSETOR, DATAHORA, DURACAOMIN) VALUES ('263', 'Setor 41', to_timestamp('06/09/2023 06:20', 'DD/MM/YYYY HH24:MI'), 120);
INSERT INTO Rega (IDOPERACAO, DESIGNACAOSETOR, DATAHORA, DURACAOMIN) VALUES ('264', 'Setor 41', to_timestamp('13/09/2023 07:00', 'DD/MM/YYYY HH24:MI'), 120);
INSERT INTO Rega (IDOPERACAO, DESIGNACAOSETOR, DATAHORA, DURACAOMIN) VALUES ('265', 'Setor 41', to_timestamp('20/09/2023 07:00', 'DD/MM/YYYY HH24:MI'), 120);

INSERT INTO Rega (IDOPERACAO, DESIGNACAOSETOR, DATAHORA, DURACAOMIN) VALUES ('266', 'Setor 10', to_timestamp('02/06/2023 06:00', 'DD/MM/YYYY HH24:MI'), 60);
INSERT INTO Rega (IDOPERACAO, DESIGNACAOSETOR, DATAHORA, DURACAOMIN) VALUES ('267', 'Setor 10', to_timestamp('02/07/2023 06:00', 'DD/MM/YYYY HH24:MI'), 120);
INSERT INTO Rega (IDOPERACAO, DESIGNACAOSETOR, DATAHORA, DURACAOMIN) VALUES ('268', 'Setor 10', to_timestamp('02/08/2023 05:00', 'DD/MM/YYYY HH24:MI'), 180);
INSERT INTO Rega (IDOPERACAO, DESIGNACAOSETOR, DATAHORA, DURACAOMIN) VALUES ('269', 'Setor 22', to_timestamp('16/06/2023 23:00', 'DD/MM/YYYY HH24:MI'), 120);
INSERT INTO Rega (IDOPERACAO, DESIGNACAOSETOR, DATAHORA, DURACAOMIN) VALUES ('270', 'Setor 22', to_timestamp('15/07/2023 23:00', 'DD/MM/YYYY HH24:MI'), 180);
INSERT INTO Rega (IDOPERACAO, DESIGNACAOSETOR, DATAHORA, DURACAOMIN) VALUES ('271', 'Setor 22', to_timestamp('10/08/2023 23:00', 'DD/MM/YYYY HH24:MI'), 150);
INSERT INTO Rega (IDOPERACAO, DESIGNACAOSETOR, DATAHORA, DURACAOMIN) VALUES ('272', 'Setor 22', to_timestamp('09/09/2023 23:00', 'DD/MM/YYYY HH24:MI'), 120);
INSERT INTO Rega (IDOPERACAO, DESIGNACAOSETOR, DATAHORA, DURACAOMIN) VALUES ('273', 'Setor 42', to_timestamp('30/06/2023 04:00', 'DD/MM/YYYY HH24:MI'), 120);
INSERT INTO Rega (IDOPERACAO, DESIGNACAOSETOR, DATAHORA, DURACAOMIN) VALUES ('274', 'Setor 42', to_timestamp('15/07/2023 04:00', 'DD/MM/YYYY HH24:MI'), 120);
INSERT INTO Rega (IDOPERACAO, DESIGNACAOSETOR, DATAHORA, DURACAOMIN) VALUES ('275', 'Setor 42', to_timestamp('29/07/2023 04:00', 'DD/MM/YYYY HH24:MI'), 150);
INSERT INTO Rega (IDOPERACAO, DESIGNACAOSETOR, DATAHORA, DURACAOMIN) VALUES ('276', 'Setor 42', to_timestamp('12/08/2023 21:30', 'DD/MM/YYYY HH24:MI'), 120);
INSERT INTO Rega (IDOPERACAO, DESIGNACAOSETOR, DATAHORA, DURACAOMIN) VALUES ('277', 'Setor 41', to_timestamp('20/05/2023 07:30', 'DD/MM/YYYY HH24:MI'), 120);
INSERT INTO Rega (IDOPERACAO, DESIGNACAOSETOR, DATAHORA, DURACAOMIN) VALUES ('278', 'Setor 41', to_timestamp('09/07/2023 06:20', 'DD/MM/YYYY HH24:MI'), 120);

INSERT INTO AplicacaoFatorProducao (IDOPERACAO, AREA) VALUES ('266', NULL);
INSERT INTO AplicacaoFatorProducao (IDOPERACAO, AREA) VALUES ('267', NULL);
INSERT INTO AplicacaoFatorProducao (IDOPERACAO, AREA) VALUES ('268', NULL);
INSERT INTO AplicacaoFatorProducao (IDOPERACAO, AREA) VALUES ('269', NULL);
INSERT INTO AplicacaoFatorProducao (IDOPERACAO, AREA) VALUES ('270', NULL);
INSERT INTO AplicacaoFatorProducao (IDOPERACAO, AREA) VALUES ('271', NULL);
INSERT INTO AplicacaoFatorProducao (IDOPERACAO, AREA) VALUES ('272', NULL);
INSERT INTO AplicacaoFatorProducao (IDOPERACAO, AREA) VALUES ('273', NULL);
INSERT INTO AplicacaoFatorProducao (IDOPERACAO, AREA) VALUES ('274', NULL);
INSERT INTO AplicacaoFatorProducao (IDOPERACAO, AREA) VALUES ('275', NULL);
INSERT INTO AplicacaoFatorProducao (IDOPERACAO, AREA) VALUES ('276', NULL);
INSERT INTO AplicacaoFatorProducao (IDOPERACAO, AREA) VALUES ('277', NULL);
INSERT INTO AplicacaoFatorProducao (IDOPERACAO, AREA) VALUES ('278', NULL);

INSERT INTO AplicacaoFatorSetor (IDOPERACAO, DESIGNACAOSETOR) VALUES ('266', 'Setor 10');
INSERT INTO AplicacaoFatorSetor (IDOPERACAO, DESIGNACAOSETOR) VALUES ('267', 'Setor 10');
INSERT INTO AplicacaoFatorSetor (IDOPERACAO, DESIGNACAOSETOR) VALUES ('268', 'Setor 10');
INSERT INTO AplicacaoFatorSetor (IDOPERACAO, DESIGNACAOSETOR) VALUES ('269', 'Setor 22');
INSERT INTO AplicacaoFatorSetor (IDOPERACAO, DESIGNACAOSETOR) VALUES ('270', 'Setor 22');
INSERT INTO AplicacaoFatorSetor (IDOPERACAO, DESIGNACAOSETOR) VALUES ('271', 'Setor 22');
INSERT INTO AplicacaoFatorSetor (IDOPERACAO, DESIGNACAOSETOR) VALUES ('272', 'Setor 22');
INSERT INTO AplicacaoFatorSetor (IDOPERACAO, DESIGNACAOSETOR) VALUES ('273', 'Setor 42');
INSERT INTO AplicacaoFatorSetor (IDOPERACAO, DESIGNACAOSETOR) VALUES ('274', 'Setor 42');
INSERT INTO AplicacaoFatorSetor (IDOPERACAO, DESIGNACAOSETOR) VALUES ('275', 'Setor 42');
INSERT INTO AplicacaoFatorSetor (IDOPERACAO, DESIGNACAOSETOR) VALUES ('276', 'Setor 42');
INSERT INTO AplicacaoFatorSetor (IDOPERACAO, DESIGNACAOSETOR) VALUES ('277', 'Setor 41');
INSERT INTO AplicacaoFatorSetor (IDOPERACAO, DESIGNACAOSETOR) VALUES ('278', 'Setor 41');

INSERT INTO FatoresProducaoAplicados (IDOPERACAO, DESIGNACAOFATORPRODUCAO, QUANTIDADE)
VALUES (266, 'EPSO Top', 1.5);
INSERT INTO FatoresProducaoAplicados (IDOPERACAO, DESIGNACAOFATORPRODUCAO, QUANTIDADE)
VALUES (266, 'soluSOP 52', 2.5);
INSERT INTO FatoresProducaoAplicados (IDOPERACAO, DESIGNACAOFATORPRODUCAO, QUANTIDADE)
VALUES (266, 'Floracal Flow SL', 1.7);

INSERT INTO FatoresProducaoAplicados (IDOPERACAO, DESIGNACAOFATORPRODUCAO, QUANTIDADE)
VALUES (267, 'EPSO Top', 1.5);
INSERT INTO FatoresProducaoAplicados (IDOPERACAO, DESIGNACAOFATORPRODUCAO, QUANTIDADE)
VALUES (267, 'soluSOP 52', 2.5);
INSERT INTO FatoresProducaoAplicados (IDOPERACAO, DESIGNACAOFATORPRODUCAO, QUANTIDADE)
VALUES (267, 'Floracal Flow SL', 1.7);

INSERT INTO FatoresProducaoAplicados (IDOPERACAO, DESIGNACAOFATORPRODUCAO, QUANTIDADE)
VALUES (268, 'EPSO Top', 1.5);
INSERT INTO FatoresProducaoAplicados (IDOPERACAO, DESIGNACAOFATORPRODUCAO, QUANTIDADE)
VALUES (268, 'soluSOP 52', 2.5);
INSERT INTO FatoresProducaoAplicados (IDOPERACAO, DESIGNACAOFATORPRODUCAO, QUANTIDADE)
VALUES (268, 'Floracal Flow SL', 1.7);

INSERT INTO FatoresProducaoAplicados (IDOPERACAO, DESIGNACAOFATORPRODUCAO, QUANTIDADE)
VALUES (269, 'EPSO Top', 1.5);
INSERT INTO FatoresProducaoAplicados (IDOPERACAO, DESIGNACAOFATORPRODUCAO, QUANTIDADE)
VALUES (269, 'soluSOP 52', 2.5);
INSERT INTO FatoresProducaoAplicados (IDOPERACAO, DESIGNACAOFATORPRODUCAO, QUANTIDADE)
VALUES (269, 'Floracal Flow SL', 1.7);

INSERT INTO FatoresProducaoAplicados (IDOPERACAO, DESIGNACAOFATORPRODUCAO, QUANTIDADE)
VALUES (270, 'Tecniferti MOL', 60);
INSERT INTO FatoresProducaoAplicados (IDOPERACAO, DESIGNACAOFATORPRODUCAO, QUANTIDADE)
VALUES (270, 'Kiplant AllGrip', 2);

INSERT INTO FatoresProducaoAplicados (IDOPERACAO, DESIGNACAOFATORPRODUCAO, QUANTIDADE)
VALUES (271, 'EPSO Top', 1.5);
INSERT INTO FatoresProducaoAplicados (IDOPERACAO, DESIGNACAOFATORPRODUCAO, QUANTIDADE)
VALUES (271, 'soluSOP 52', 2.5);
INSERT INTO FatoresProducaoAplicados (IDOPERACAO, DESIGNACAOFATORPRODUCAO, QUANTIDADE)
VALUES (271, 'Floracal Flow SL', 1.7);

INSERT INTO FatoresProducaoAplicados (IDOPERACAO, DESIGNACAOFATORPRODUCAO, QUANTIDADE)
VALUES (272, 'EPSO Top', 1.5);
INSERT INTO FatoresProducaoAplicados (IDOPERACAO, DESIGNACAOFATORPRODUCAO, QUANTIDADE)
VALUES (272, 'soluSOP 52', 2.5);
INSERT INTO FatoresProducaoAplicados (IDOPERACAO, DESIGNACAOFATORPRODUCAO, QUANTIDADE)
VALUES (272, 'Floracal Flow SL', 1.7);

INSERT INTO FatoresProducaoAplicados (IDOPERACAO, DESIGNACAOFATORPRODUCAO, QUANTIDADE)
VALUES (273, 'Tecniferti MOL', 60);
INSERT INTO FatoresProducaoAplicados (IDOPERACAO, DESIGNACAOFATORPRODUCAO, QUANTIDADE)
VALUES (273, 'Kiplant AllGrip', 2);

INSERT INTO FatoresProducaoAplicados (IDOPERACAO, DESIGNACAOFATORPRODUCAO, QUANTIDADE)
VALUES (274, 'EPSO Top', 1.5);
INSERT INTO FatoresProducaoAplicados (IDOPERACAO, DESIGNACAOFATORPRODUCAO, QUANTIDADE)
VALUES (274, 'soluSOP 52', 2.5);
INSERT INTO FatoresProducaoAplicados (IDOPERACAO, DESIGNACAOFATORPRODUCAO, QUANTIDADE)
VALUES (274, 'Floracal Flow SL', 1.7);

INSERT INTO FatoresProducaoAplicados (IDOPERACAO, DESIGNACAOFATORPRODUCAO, QUANTIDADE)
VALUES (275, 'Tecniferti MOL', 60);
INSERT INTO FatoresProducaoAplicados (IDOPERACAO, DESIGNACAOFATORPRODUCAO, QUANTIDADE)
VALUES (275, 'Kiplant AllGrip', 2);

INSERT INTO FatoresProducaoAplicados (IDOPERACAO, DESIGNACAOFATORPRODUCAO, QUANTIDADE)
VALUES (276, 'EPSO Top', 1.5);
INSERT INTO FatoresProducaoAplicados (IDOPERACAO, DESIGNACAOFATORPRODUCAO, QUANTIDADE)
VALUES (276, 'soluSOP 52', 2.5);
INSERT INTO FatoresProducaoAplicados (IDOPERACAO, DESIGNACAOFATORPRODUCAO, QUANTIDADE)
VALUES (276, 'Floracal Flow SL', 1.7);

INSERT INTO FatoresProducaoAplicados (IDOPERACAO, DESIGNACAOFATORPRODUCAO, QUANTIDADE)
VALUES (277, 'Tecniferti MOL', 60);
INSERT INTO FatoresProducaoAplicados (IDOPERACAO, DESIGNACAOFATORPRODUCAO, QUANTIDADE)
VALUES (277, 'Kiplant AllGrip', 2);

INSERT INTO FatoresProducaoAplicados (IDOPERACAO, DESIGNACAOFATORPRODUCAO, QUANTIDADE)
VALUES (278, 'EPSO Top', 1.5);
INSERT INTO FatoresProducaoAplicados (IDOPERACAO, DESIGNACAOFATORPRODUCAO, QUANTIDADE)
VALUES (278, 'soluSOP 52', 2.5);
INSERT INTO FatoresProducaoAplicados (IDOPERACAO, DESIGNACAOFATORPRODUCAO, QUANTIDADE)
VALUES (278, 'Floracal Flow SL', 1.7);

INSERT INTO AplicacaoFatorProducao (IDOPERACAO, AREA) VALUES (1, NULL);
INSERT INTO AplicacaoFatorProducao (IDOPERACAO, AREA) VALUES (2, NULL);
INSERT INTO AplicacaoFatorProducao (IDOPERACAO, AREA) VALUES (3, NULL);
INSERT INTO AplicacaoFatorProducao (IDOPERACAO, AREA) VALUES (4, NULL);
INSERT INTO AplicacaoFatorProducao (IDOPERACAO, AREA) VALUES (5, NULL);
INSERT INTO AplicacaoFatorProducao (IDOPERACAO, AREA) VALUES (6, NULL);
INSERT INTO AplicacaoFatorProducao (IDOPERACAO, AREA) VALUES (7, NULL);
INSERT INTO AplicacaoFatorProducao (IDOPERACAO, AREA) VALUES (8, NULL);
INSERT INTO AplicacaoFatorProducao (IDOPERACAO, AREA) VALUES (9, NULL);
INSERT INTO AplicacaoFatorProducao (IDOPERACAO, AREA) VALUES (10, NULL);

INSERT INTO AplicacaoFatorCultura (IDOPERACAO, DESIGNACAOPARCELA, VARIEDADECULTURA, NOMECOMUMCULTURA, MODO) VALUES (1, 'Vinha', 'Dona Maria', 'Videira', 'Solo');
INSERT INTO AplicacaoFatorCultura (IDOPERACAO, DESIGNACAOPARCELA, VARIEDADECULTURA, NOMECOMUMCULTURA, MODO) VALUES (2, 'Vinha', 'Cardinal', 'Videira', 'Solo');
INSERT INTO AplicacaoFatorCultura (IDOPERACAO, DESIGNACAOPARCELA, VARIEDADECULTURA, NOMECOMUMCULTURA, MODO) VALUES (3, 'Vinha', 'Dona Maria', 'Videira', 'Solo');
INSERT INTO AplicacaoFatorCultura (IDOPERACAO, DESIGNACAOPARCELA, VARIEDADECULTURA, NOMECOMUMCULTURA, MODO) VALUES (4, 'Vinha', 'Cardinal', 'Videira', 'Solo');
INSERT INTO AplicacaoFatorCultura (IDOPERACAO, DESIGNACAOPARCELA, VARIEDADECULTURA, NOMECOMUMCULTURA, MODO) VALUES (5, 'Vinha', 'Dona Maria', 'Videira', 'Solo');
INSERT INTO AplicacaoFatorCultura (IDOPERACAO, DESIGNACAOPARCELA, VARIEDADECULTURA, NOMECOMUMCULTURA, MODO) VALUES (6, 'Vinha', 'Cardinal', 'Videira', 'Solo');
INSERT INTO AplicacaoFatorCultura (IDOPERACAO, DESIGNACAOPARCELA, VARIEDADECULTURA, NOMECOMUMCULTURA, MODO) VALUES (7, 'Vinha', 'Dona Maria', 'Videira', 'Solo');
INSERT INTO AplicacaoFatorCultura (IDOPERACAO, DESIGNACAOPARCELA, VARIEDADECULTURA, NOMECOMUMCULTURA, MODO) VALUES (8, 'Vinha', 'Cardinal', 'Videira', 'Solo');
INSERT INTO AplicacaoFatorCultura (IDOPERACAO, DESIGNACAOPARCELA, VARIEDADECULTURA, NOMECOMUMCULTURA, MODO) VALUES (9, 'Vinha', 'Dona Maria', 'Videira', 'Solo');
INSERT INTO AplicacaoFatorCultura (IDOPERACAO, DESIGNACAOPARCELA, VARIEDADECULTURA, NOMECOMUMCULTURA, MODO) VALUES (10, 'Vinha', 'Cardinal', 'Videira', 'Solo');

INSERT INTO FatoresProducaoAplicados (IDOPERACAO, DESIGNACAOFATORPRODUCAO, QUANTIDADE) VALUES (1, 'Calda Bordalesa ASCENZA', 2);
INSERT INTO FatoresProducaoAplicados (IDOPERACAO, DESIGNACAOFATORPRODUCAO, QUANTIDADE) VALUES (2, 'Calda Bordalesa ASCENZA', 2.5);
INSERT INTO FatoresProducaoAplicados (IDOPERACAO, DESIGNACAOFATORPRODUCAO, QUANTIDADE) VALUES (3, 'Calda Bordalesa ASCENZA', 2);
INSERT INTO FatoresProducaoAplicados (IDOPERACAO, DESIGNACAOFATORPRODUCAO, QUANTIDADE) VALUES (4, 'Calda Bordalesa ASCENZA', 2.5);
INSERT INTO FatoresProducaoAplicados (IDOPERACAO, DESIGNACAOFATORPRODUCAO, QUANTIDADE) VALUES (5, 'Calda Bordalesa ASCENZA', 2);
INSERT INTO FatoresProducaoAplicados (IDOPERACAO, DESIGNACAOFATORPRODUCAO, QUANTIDADE) VALUES (6, 'Calda Bordalesa ASCENZA', 2.5);
INSERT INTO FatoresProducaoAplicados (IDOPERACAO, DESIGNACAOFATORPRODUCAO, QUANTIDADE) VALUES (7, 'Calda Bordalesa ASCENZA', 3);
INSERT INTO FatoresProducaoAplicados (IDOPERACAO, DESIGNACAOFATORPRODUCAO, QUANTIDADE) VALUES (8, 'Calda Bordalesa ASCENZA', 3.5);
INSERT INTO FatoresProducaoAplicados (IDOPERACAO, DESIGNACAOFATORPRODUCAO, QUANTIDADE) VALUES (9, 'Calda Bordalesa ASCENZA', 4);
INSERT INTO FatoresProducaoAplicados (IDOPERACAO, DESIGNACAOFATORPRODUCAO, QUANTIDADE) VALUES (10, 'Calda Bordalesa ASCENZA', 5);

INSERT INTO AplicacaoFatorProducao (IDOPERACAO, AREA) VALUES (83, NULL);
INSERT INTO AplicacaoFatorProducao (IDOPERACAO, AREA) VALUES (84, NULL);
INSERT INTO AplicacaoFatorProducao (IDOPERACAO, AREA) VALUES (85, NULL);
INSERT INTO AplicacaoFatorProducao (IDOPERACAO, AREA) VALUES (86, NULL);
INSERT INTO AplicacaoFatorProducao (IDOPERACAO, AREA) VALUES (87, NULL);
INSERT INTO AplicacaoFatorProducao (IDOPERACAO, AREA) VALUES (88, NULL);
INSERT INTO AplicacaoFatorProducao (IDOPERACAO, AREA) VALUES (89, NULL);
INSERT INTO AplicacaoFatorProducao (IDOPERACAO, AREA) VALUES (90, NULL);
INSERT INTO AplicacaoFatorProducao (IDOPERACAO, AREA) VALUES (91, NULL);
INSERT INTO AplicacaoFatorProducao (IDOPERACAO, AREA) VALUES (92, NULL);
INSERT INTO AplicacaoFatorProducao (IDOPERACAO, AREA) VALUES (93, NULL);
INSERT INTO AplicacaoFatorProducao (IDOPERACAO, AREA) VALUES (94, NULL);
INSERT INTO AplicacaoFatorProducao (IDOPERACAO, AREA) VALUES (95, NULL);
INSERT INTO AplicacaoFatorProducao (IDOPERACAO, AREA) VALUES (96, NULL);
INSERT INTO AplicacaoFatorProducao (IDOPERACAO, AREA) VALUES (97, NULL);
INSERT INTO AplicacaoFatorProducao (IDOPERACAO, AREA) VALUES (98, NULL);
INSERT INTO AplicacaoFatorProducao (IDOPERACAO, AREA) VALUES (99, NULL);
INSERT INTO AplicacaoFatorProducao (IDOPERACAO, AREA) VALUES (100, NULL);
INSERT INTO AplicacaoFatorProducao (IDOPERACAO, AREA) VALUES (101, NULL);
INSERT INTO AplicacaoFatorProducao (IDOPERACAO, AREA) VALUES (102, NULL);
INSERT INTO AplicacaoFatorProducao (IDOPERACAO, AREA) VALUES (103, NULL);
INSERT INTO AplicacaoFatorProducao (IDOPERACAO, AREA) VALUES (104, NULL);
INSERT INTO AplicacaoFatorProducao (IDOPERACAO, AREA) VALUES (105, NULL);
INSERT INTO AplicacaoFatorProducao (IDOPERACAO, AREA) VALUES (106, NULL);
INSERT INTO AplicacaoFatorProducao (IDOPERACAO, AREA) VALUES (107, NULL);
INSERT INTO AplicacaoFatorProducao (IDOPERACAO, AREA) VALUES (108, NULL);
INSERT INTO AplicacaoFatorProducao (IDOPERACAO, AREA) VALUES (109, NULL);
INSERT INTO AplicacaoFatorProducao (IDOPERACAO, AREA) VALUES (110, NULL);
INSERT INTO AplicacaoFatorProducao (IDOPERACAO, AREA) VALUES (111, NULL);
INSERT INTO AplicacaoFatorProducao (IDOPERACAO, AREA) VALUES (112, NULL);
INSERT INTO AplicacaoFatorProducao (IDOPERACAO, AREA) VALUES (113, NULL);
INSERT INTO AplicacaoFatorProducao (IDOPERACAO, AREA) VALUES (114, NULL);
INSERT INTO AplicacaoFatorProducao (IDOPERACAO, AREA) VALUES (115, NULL);
INSERT INTO AplicacaoFatorProducao (IDOPERACAO, AREA) VALUES (116, NULL);
INSERT INTO AplicacaoFatorProducao (IDOPERACAO, AREA) VALUES (117, NULL);
INSERT INTO AplicacaoFatorProducao (IDOPERACAO, AREA) VALUES (118, NULL);
INSERT INTO AplicacaoFatorProducao (IDOPERACAO, AREA) VALUES (119, NULL);
INSERT INTO AplicacaoFatorProducao (IDOPERACAO, AREA) VALUES (120, NULL);
INSERT INTO AplicacaoFatorProducao (IDOPERACAO, AREA) VALUES (121, NULL);
INSERT INTO AplicacaoFatorProducao (IDOPERACAO, AREA) VALUES (122, NULL);
INSERT INTO AplicacaoFatorProducao (IDOPERACAO, AREA) VALUES (123, NULL);

INSERT INTO AplicacaoFatorCultura (IDOPERACAO, DESIGNACAOPARCELA, VARIEDADECULTURA, NOMECOMUMCULTURA, MODO) VALUES (83, 'Campo grande', 'Galega', 'Oliveira', 'Solo');
INSERT INTO AplicacaoFatorCultura (IDOPERACAO, DESIGNACAOPARCELA, VARIEDADECULTURA, NOMECOMUMCULTURA, MODO) VALUES (84, 'Campo grande', 'Picual', 'Oliveira', 'Solo');
INSERT INTO AplicacaoFatorCultura (IDOPERACAO, DESIGNACAOPARCELA, VARIEDADECULTURA, NOMECOMUMCULTURA, MODO) VALUES (85, 'Lameiro da ponte', 'Jonagored', 'Macieira', 'Solo');
INSERT INTO AplicacaoFatorCultura (IDOPERACAO, DESIGNACAOPARCELA, VARIEDADECULTURA, NOMECOMUMCULTURA, MODO) VALUES (86, 'Lameiro da ponte', 'Fuji', 'Macieira', 'Solo');
INSERT INTO AplicacaoFatorCultura (IDOPERACAO, DESIGNACAOPARCELA, VARIEDADECULTURA, NOMECOMUMCULTURA, MODO) VALUES (87, 'Lameiro da ponte', 'Royal Gala', 'Macieira', 'Solo');
INSERT INTO AplicacaoFatorCultura (IDOPERACAO, DESIGNACAOPARCELA, VARIEDADECULTURA, NOMECOMUMCULTURA, MODO) VALUES (88, 'Lameiro da ponte', 'Jonagored', 'Macieira', 'Solo');
INSERT INTO AplicacaoFatorCultura (IDOPERACAO, DESIGNACAOPARCELA, VARIEDADECULTURA, NOMECOMUMCULTURA, MODO) VALUES (89, 'Lameiro da ponte', 'Fuji', 'Macieira', 'Solo');
INSERT INTO AplicacaoFatorCultura (IDOPERACAO, DESIGNACAOPARCELA, VARIEDADECULTURA, NOMECOMUMCULTURA, MODO) VALUES (90, 'Lameiro da ponte', 'Royal Gala', 'Macieira', 'Solo');
INSERT INTO AplicacaoFatorCultura (IDOPERACAO, DESIGNACAOPARCELA, VARIEDADECULTURA, NOMECOMUMCULTURA, MODO) VALUES (91, 'Campo grande', 'Galega', 'Oliveira', 'Solo');
INSERT INTO AplicacaoFatorCultura (IDOPERACAO, DESIGNACAOPARCELA, VARIEDADECULTURA, NOMECOMUMCULTURA, MODO) VALUES (92, 'Campo grande', 'Picual', 'Oliveira', 'Solo');
INSERT INTO AplicacaoFatorCultura (IDOPERACAO, DESIGNACAOPARCELA, VARIEDADECULTURA, NOMECOMUMCULTURA, MODO) VALUES (93, 'Lameiro da ponte', 'Fuji', 'Macieira', 'Foliar');
INSERT INTO AplicacaoFatorCultura (IDOPERACAO, DESIGNACAOPARCELA, VARIEDADECULTURA, NOMECOMUMCULTURA, MODO) VALUES (94, 'Lameiro da ponte', 'Jonagored', 'Macieira', 'Foliar');
INSERT INTO AplicacaoFatorCultura (IDOPERACAO, DESIGNACAOPARCELA, VARIEDADECULTURA, NOMECOMUMCULTURA, MODO) VALUES (95, 'Lameiro da ponte', 'Royal Gala', 'Macieira', 'Foliar');
INSERT INTO AplicacaoFatorCultura (IDOPERACAO, DESIGNACAOPARCELA, VARIEDADECULTURA, NOMECOMUMCULTURA, MODO) VALUES (96, 'Lameiro da ponte', 'Fuji', 'Macieira', 'Foliar');
INSERT INTO AplicacaoFatorCultura (IDOPERACAO, DESIGNACAOPARCELA, VARIEDADECULTURA, NOMECOMUMCULTURA, MODO) VALUES (97, 'Lameiro da ponte', 'Jonagored', 'Macieira', 'Foliar');
INSERT INTO AplicacaoFatorCultura (IDOPERACAO, DESIGNACAOPARCELA, VARIEDADECULTURA, NOMECOMUMCULTURA, MODO) VALUES (98, 'Lameiro da ponte', 'Royal Gala', 'Macieira', 'Foliar');
INSERT INTO AplicacaoFatorCultura (IDOPERACAO, DESIGNACAOPARCELA, VARIEDADECULTURA, NOMECOMUMCULTURA, MODO) VALUES (99, 'Campo grande', 'Galega', 'Oliveira', 'Solo');
INSERT INTO AplicacaoFatorCultura (IDOPERACAO, DESIGNACAOPARCELA, VARIEDADECULTURA, NOMECOMUMCULTURA, MODO) VALUES (100, 'Campo grande', 'Picual', 'Oliveira', 'Solo');
INSERT INTO AplicacaoFatorCultura (IDOPERACAO, DESIGNACAOPARCELA, VARIEDADECULTURA, NOMECOMUMCULTURA, MODO) VALUES (101, 'Lameiro do moinho', 'Porta Da Loja', 'Macieira', 'Solo');
INSERT INTO AplicacaoFatorCultura (IDOPERACAO, DESIGNACAOPARCELA, VARIEDADECULTURA, NOMECOMUMCULTURA, MODO) VALUES (102, 'Lameiro do moinho', 'Malápio', 'Macieira', 'Solo');
INSERT INTO AplicacaoFatorCultura (IDOPERACAO, DESIGNACAOPARCELA, VARIEDADECULTURA, NOMECOMUMCULTURA, MODO) VALUES (103, 'Lameiro do moinho', 'Pipo De Basto', 'Macieira', 'Solo');
INSERT INTO AplicacaoFatorCultura (IDOPERACAO, DESIGNACAOPARCELA, VARIEDADECULTURA, NOMECOMUMCULTURA, MODO) VALUES (104, 'Lameiro do moinho', 'Reinette Ou Canada', 'Macieira', 'Solo');
INSERT INTO AplicacaoFatorCultura (IDOPERACAO, DESIGNACAOPARCELA, VARIEDADECULTURA, NOMECOMUMCULTURA, MODO) VALUES (105, 'Lameiro do moinho', 'Reinette Ou Grand Fay', 'Macieira', 'Solo');
INSERT INTO AplicacaoFatorCultura (IDOPERACAO, DESIGNACAOPARCELA, VARIEDADECULTURA, NOMECOMUMCULTURA, MODO) VALUES (106, 'Lameiro do moinho', 'Gronho Doce', 'Macieira', 'Solo');
INSERT INTO AplicacaoFatorCultura (IDOPERACAO, DESIGNACAOPARCELA, VARIEDADECULTURA, NOMECOMUMCULTURA, MODO) VALUES (107, 'Lameiro do moinho', 'Porta Da Loja', 'Macieira', 'Solo');
INSERT INTO AplicacaoFatorCultura (IDOPERACAO, DESIGNACAOPARCELA, VARIEDADECULTURA, NOMECOMUMCULTURA, MODO) VALUES (108, 'Lameiro do moinho', 'Malápio', 'Macieira', 'Solo');
INSERT INTO AplicacaoFatorCultura (IDOPERACAO, DESIGNACAOPARCELA, VARIEDADECULTURA, NOMECOMUMCULTURA, MODO) VALUES (109, 'Lameiro do moinho', 'Pipo De Basto', 'Macieira', 'Solo');
INSERT INTO AplicacaoFatorCultura (IDOPERACAO, DESIGNACAOPARCELA, VARIEDADECULTURA, NOMECOMUMCULTURA, MODO) VALUES (110, 'Lameiro do moinho', 'Reinette Ou Canada', 'Macieira', 'Solo');
INSERT INTO AplicacaoFatorCultura (IDOPERACAO, DESIGNACAOPARCELA, VARIEDADECULTURA, NOMECOMUMCULTURA, MODO) VALUES (111, 'Lameiro do moinho', 'Gronho Doce', 'Macieira', 'Solo');
INSERT INTO AplicacaoFatorCultura (IDOPERACAO, DESIGNACAOPARCELA, VARIEDADECULTURA, NOMECOMUMCULTURA, MODO) VALUES (112, 'Lameiro do moinho', 'Porta Da Loja', 'Macieira', 'Solo');
INSERT INTO AplicacaoFatorCultura (IDOPERACAO, DESIGNACAOPARCELA, VARIEDADECULTURA, NOMECOMUMCULTURA, MODO) VALUES (113, 'Lameiro do moinho', 'Malápio', 'Macieira', 'Solo');
INSERT INTO AplicacaoFatorCultura (IDOPERACAO, DESIGNACAOPARCELA, VARIEDADECULTURA, NOMECOMUMCULTURA, MODO) VALUES (114, 'Lameiro do moinho', 'Pipo De Basto', 'Macieira', 'Solo');
INSERT INTO AplicacaoFatorCultura (IDOPERACAO, DESIGNACAOPARCELA, VARIEDADECULTURA, NOMECOMUMCULTURA, MODO) VALUES (115, 'Lameiro do moinho', 'Reinette Ou Canada', 'Macieira', 'Solo');
INSERT INTO AplicacaoFatorCultura (IDOPERACAO, DESIGNACAOPARCELA, VARIEDADECULTURA, NOMECOMUMCULTURA, MODO) VALUES (116, 'Lameiro do moinho', 'Reinette Ou Grand Fay', 'Macieira', 'Solo');
INSERT INTO AplicacaoFatorCultura (IDOPERACAO, DESIGNACAOPARCELA, VARIEDADECULTURA, NOMECOMUMCULTURA, MODO) VALUES (117, 'Lameiro do moinho', 'Gronho Doce', 'Macieira', 'Solo');
INSERT INTO AplicacaoFatorCultura (IDOPERACAO, DESIGNACAOPARCELA, VARIEDADECULTURA, NOMECOMUMCULTURA, MODO) VALUES (118, 'Lameiro do moinho', 'Porta Da Loja', 'Macieira', 'Solo');
INSERT INTO AplicacaoFatorCultura (IDOPERACAO, DESIGNACAOPARCELA, VARIEDADECULTURA, NOMECOMUMCULTURA, MODO) VALUES (119, 'Lameiro do moinho', 'Malápio', 'Macieira', 'Solo');
INSERT INTO AplicacaoFatorCultura (IDOPERACAO, DESIGNACAOPARCELA, VARIEDADECULTURA, NOMECOMUMCULTURA, MODO) VALUES (120, 'Lameiro do moinho', 'Pipo De Basto', 'Macieira', 'Solo');
INSERT INTO AplicacaoFatorCultura (IDOPERACAO, DESIGNACAOPARCELA, VARIEDADECULTURA, NOMECOMUMCULTURA, MODO) VALUES (121, 'Lameiro do moinho', 'Reinette Ou Canada', 'Macieira', 'Solo');
INSERT INTO AplicacaoFatorCultura (IDOPERACAO, DESIGNACAOPARCELA, VARIEDADECULTURA, NOMECOMUMCULTURA, MODO) VALUES (122, 'Lameiro do moinho', 'Reinette Ou Grand Fay', 'Macieira', 'Solo');
INSERT INTO AplicacaoFatorCultura (IDOPERACAO, DESIGNACAOPARCELA, VARIEDADECULTURA, NOMECOMUMCULTURA, MODO) VALUES (123, 'Lameiro do moinho', 'Gronho Doce', 'Macieira', 'Solo');

INSERT INTO FatoresProducaoAplicados (IDOPERACAO, DESIGNACAOFATORPRODUCAO, QUANTIDADE) VALUES (83, 'Patentkali', 15);
INSERT INTO FatoresProducaoAplicados (IDOPERACAO, DESIGNACAOFATORPRODUCAO, QUANTIDADE) VALUES (84, 'Patentkali', 10);
INSERT INTO FatoresProducaoAplicados (IDOPERACAO, DESIGNACAOFATORPRODUCAO, QUANTIDADE) VALUES (85, 'ESTA Kieserit', 10);
INSERT INTO FatoresProducaoAplicados (IDOPERACAO, DESIGNACAOFATORPRODUCAO, QUANTIDADE) VALUES (86, 'ESTA Kieserit', 6);
INSERT INTO FatoresProducaoAplicados (IDOPERACAO, DESIGNACAOFATORPRODUCAO, QUANTIDADE) VALUES (87, 'ESTA Kieserit', 5);
INSERT INTO FatoresProducaoAplicados (IDOPERACAO, DESIGNACAOFATORPRODUCAO, QUANTIDADE) VALUES (88, 'ESTA Kieserit', 10);
INSERT INTO FatoresProducaoAplicados (IDOPERACAO, DESIGNACAOFATORPRODUCAO, QUANTIDADE) VALUES (89, 'ESTA Kieserit', 5);
INSERT INTO FatoresProducaoAplicados (IDOPERACAO, DESIGNACAOFATORPRODUCAO, QUANTIDADE) VALUES (90, 'ESTA Kieserit', 7);
INSERT INTO FatoresProducaoAplicados (IDOPERACAO, DESIGNACAOFATORPRODUCAO, QUANTIDADE) VALUES (91, 'Patentkali', 10);
INSERT INTO FatoresProducaoAplicados (IDOPERACAO, DESIGNACAOFATORPRODUCAO, QUANTIDADE) VALUES (92, 'Patentkali', 7);
INSERT INTO FatoresProducaoAplicados (IDOPERACAO, DESIGNACAOFATORPRODUCAO, QUANTIDADE) VALUES (93, 'EPSO Microtop', 10);
INSERT INTO FatoresProducaoAplicados (IDOPERACAO, DESIGNACAOFATORPRODUCAO, QUANTIDADE) VALUES (94, 'EPSO Microtop', 10);
INSERT INTO FatoresProducaoAplicados (IDOPERACAO, DESIGNACAOFATORPRODUCAO, QUANTIDADE) VALUES (95, 'EPSO Microtop', 10);
INSERT INTO FatoresProducaoAplicados (IDOPERACAO, DESIGNACAOFATORPRODUCAO, QUANTIDADE) VALUES (96, 'EPSO Microtop', 10);
INSERT INTO FatoresProducaoAplicados (IDOPERACAO, DESIGNACAOFATORPRODUCAO, QUANTIDADE) VALUES (97, 'EPSO Microtop', 10);
INSERT INTO FatoresProducaoAplicados (IDOPERACAO, DESIGNACAOFATORPRODUCAO, QUANTIDADE) VALUES (98, 'EPSO Microtop', 10);
INSERT INTO FatoresProducaoAplicados (IDOPERACAO, DESIGNACAOFATORPRODUCAO, QUANTIDADE) VALUES (99, 'Patentkali', 15);
INSERT INTO FatoresProducaoAplicados (IDOPERACAO, DESIGNACAOFATORPRODUCAO, QUANTIDADE) VALUES (100, 'Patentkali', 10);
INSERT INTO FatoresProducaoAplicados (IDOPERACAO, DESIGNACAOFATORPRODUCAO, QUANTIDADE) VALUES (101, 'Fertimax Extrume de Cavalo', 100);
INSERT INTO FatoresProducaoAplicados (IDOPERACAO, DESIGNACAOFATORPRODUCAO, QUANTIDADE) VALUES (102, 'Fertimax Extrume de Cavalo', 40);
INSERT INTO FatoresProducaoAplicados (IDOPERACAO, DESIGNACAOFATORPRODUCAO, QUANTIDADE) VALUES (103, 'Fertimax Extrume de Cavalo', 80);
INSERT INTO FatoresProducaoAplicados (IDOPERACAO, DESIGNACAOFATORPRODUCAO, QUANTIDADE) VALUES (104, 'Fertimax Extrume de Cavalo', 60);
INSERT INTO FatoresProducaoAplicados (IDOPERACAO, DESIGNACAOFATORPRODUCAO, QUANTIDADE) VALUES (105, 'Fertimax Extrume de Cavalo', 80);
INSERT INTO FatoresProducaoAplicados (IDOPERACAO, DESIGNACAOFATORPRODUCAO, QUANTIDADE) VALUES (106, 'Fertimax Extrume de Cavalo', 100);
INSERT INTO FatoresProducaoAplicados (IDOPERACAO, DESIGNACAOFATORPRODUCAO, QUANTIDADE) VALUES (107, 'Fertimax Extrume de Cavalo', 150);
INSERT INTO FatoresProducaoAplicados (IDOPERACAO, DESIGNACAOFATORPRODUCAO, QUANTIDADE) VALUES (108, 'Fertimax Extrume de Cavalo', 60);
INSERT INTO FatoresProducaoAplicados (IDOPERACAO, DESIGNACAOFATORPRODUCAO, QUANTIDADE) VALUES (109, 'Fertimax Extrume de Cavalo', 120);
INSERT INTO FatoresProducaoAplicados (IDOPERACAO, DESIGNACAOFATORPRODUCAO, QUANTIDADE) VALUES (110, 'Fertimax Extrume de Cavalo', 90);
INSERT INTO FatoresProducaoAplicados (IDOPERACAO, DESIGNACAOFATORPRODUCAO, QUANTIDADE) VALUES (111, 'Fertimax Extrume de Cavalo', 150);
INSERT INTO FatoresProducaoAplicados (IDOPERACAO, DESIGNACAOFATORPRODUCAO, QUANTIDADE) VALUES (112, 'BIOFERTIL N6', 150);
INSERT INTO FatoresProducaoAplicados (IDOPERACAO, DESIGNACAOFATORPRODUCAO, QUANTIDADE) VALUES (113, 'BIOFERTIL N6', 60);
INSERT INTO FatoresProducaoAplicados (IDOPERACAO, DESIGNACAOFATORPRODUCAO, QUANTIDADE) VALUES (114, 'BIOFERTIL N6', 120);
INSERT INTO FatoresProducaoAplicados (IDOPERACAO, DESIGNACAOFATORPRODUCAO, QUANTIDADE) VALUES (115, 'BIOFERTIL N6', 90);
INSERT INTO FatoresProducaoAplicados (IDOPERACAO, DESIGNACAOFATORPRODUCAO, QUANTIDADE) VALUES (116, 'BIOFERTIL N6', 120);
INSERT INTO FatoresProducaoAplicados (IDOPERACAO, DESIGNACAOFATORPRODUCAO, QUANTIDADE) VALUES (117, 'BIOFERTIL N6', 150);
INSERT INTO FatoresProducaoAplicados (IDOPERACAO, DESIGNACAOFATORPRODUCAO, QUANTIDADE) VALUES (118, 'EPSO Microtop', 5);
INSERT INTO FatoresProducaoAplicados (IDOPERACAO, DESIGNACAOFATORPRODUCAO, QUANTIDADE) VALUES (119, 'EPSO Microtop', 2);
INSERT INTO FatoresProducaoAplicados (IDOPERACAO, DESIGNACAOFATORPRODUCAO, QUANTIDADE) VALUES (120, 'EPSO Microtop', 4);
INSERT INTO FatoresProducaoAplicados (IDOPERACAO, DESIGNACAOFATORPRODUCAO, QUANTIDADE) VALUES (121, 'EPSO Microtop', 3);
INSERT INTO FatoresProducaoAplicados (IDOPERACAO, DESIGNACAOFATORPRODUCAO, QUANTIDADE) VALUES (122, 'EPSO Microtop', 4);
INSERT INTO FatoresProducaoAplicados (IDOPERACAO, DESIGNACAOFATORPRODUCAO, QUANTIDADE) VALUES (123, 'EPSO Microtop', 5);

INSERT INTO AplicacaoFatorProducao (IDOPERACAO, AREA) VALUES (124, NULL);
INSERT INTO AplicacaoFatorProducao (IDOPERACAO, AREA) VALUES (125, NULL);
INSERT INTO AplicacaoFatorProducao (IDOPERACAO, AREA) VALUES (126, NULL);
INSERT INTO AplicacaoFatorProducao (IDOPERACAO, AREA) VALUES (127, 0.5);

INSERT INTO AplicacaoFatorSolo (IDOPERACAO, DESIGNACAOPARCELA) VALUES (124, 'Campo do poço');
INSERT INTO AplicacaoFatorSolo (IDOPERACAO, DESIGNACAOPARCELA) VALUES (125, 'Lameiro do moinho');
INSERT INTO AplicacaoFatorSolo (IDOPERACAO, DESIGNACAOPARCELA) VALUES (126, 'Campo Novo');
INSERT INTO AplicacaoFatorSolo (IDOPERACAO, DESIGNACAOPARCELA) VALUES (127, 'Campo Novo');

INSERT INTO FatoresProducaoAplicados (IDOPERACAO, DESIGNACAOFATORPRODUCAO, QUANTIDADE) VALUES (124, 'Biocal Composto', 600);
INSERT INTO FatoresProducaoAplicados (IDOPERACAO, DESIGNACAOFATORPRODUCAO, QUANTIDADE) VALUES (125, 'BIOFERTIL N6', 3200);
INSERT INTO FatoresProducaoAplicados (IDOPERACAO, DESIGNACAOFATORPRODUCAO, QUANTIDADE) VALUES (126, 'Biocal Composto', 500);
INSERT INTO FatoresProducaoAplicados (IDOPERACAO, DESIGNACAOFATORPRODUCAO, QUANTIDADE) VALUES (127, 'Fertimax Extrume de Cavalo', 1800);

INSERT INTO IncorporacaoSolo (IDOPERACAO, DESIGNACAOPARCELA, VARIEDADECULTURA, NOMECOMUMCULTURA, QUANTIDADE) VALUES (128, 'Campo do poço', 'Amarelo', 'Tremoço', 1.3);
INSERT INTO IncorporacaoSolo (IDOPERACAO, DESIGNACAOPARCELA, VARIEDADECULTURA, NOMECOMUMCULTURA, QUANTIDADE) VALUES (129, 'Campo da bouça', 'Amarelo', 'Tremoço', 1.3);
INSERT INTO IncorporacaoSolo (IDOPERACAO, DESIGNACAOPARCELA, VARIEDADECULTURA, NOMECOMUMCULTURA, QUANTIDADE) VALUES (130, 'Campo do poço', 'Amarelo', 'Tremoço', 1.3);
INSERT INTO IncorporacaoSolo (IDOPERACAO, DESIGNACAOPARCELA, VARIEDADECULTURA, NOMECOMUMCULTURA, QUANTIDADE) VALUES (131, 'Campo da bouça', 'Amarelo', 'Tremoço', 1.3);
INSERT INTO IncorporacaoSolo (IDOPERACAO, DESIGNACAOPARCELA, VARIEDADECULTURA, NOMECOMUMCULTURA, QUANTIDADE) VALUES (132, 'Campo do poço', 'Amarelo', 'Tremoço', 1.3);

INSERT INTO Plantacao (IDOPERACAO, DESIGNACAOPARCELA, VARIEDADECULTURA, NOMECOMUMCULTURA, QUANTIDADE) VALUES (133, 'Campo grande', 'Galega', 'Oliveira', 30);
INSERT INTO Plantacao (IDOPERACAO, DESIGNACAOPARCELA, VARIEDADECULTURA, NOMECOMUMCULTURA, QUANTIDADE) VALUES (134, 'Campo grande', 'Picual', 'Oliveira', 20);
INSERT INTO Plantacao (IDOPERACAO, DESIGNACAOPARCELA, VARIEDADECULTURA, NOMECOMUMCULTURA, QUANTIDADE) VALUES (135, 'Lameiro da ponte', 'Jonagored', 'Macieira', 90);
INSERT INTO Plantacao (IDOPERACAO, DESIGNACAOPARCELA, VARIEDADECULTURA, NOMECOMUMCULTURA, QUANTIDADE) VALUES (136, 'Lameiro da ponte', 'Fuji', 'Macieira', 60);
INSERT INTO Plantacao (IDOPERACAO, DESIGNACAOPARCELA, VARIEDADECULTURA, NOMECOMUMCULTURA, QUANTIDADE) VALUES (137, 'Lameiro da ponte', 'Royal Gala', 'Macieira', 40);
INSERT INTO Plantacao (IDOPERACAO, DESIGNACAOPARCELA, VARIEDADECULTURA, NOMECOMUMCULTURA, QUANTIDADE) VALUES (138, 'Vinha', 'Dona Maria', 'Videira', 500);
INSERT INTO Plantacao (IDOPERACAO, DESIGNACAOPARCELA, VARIEDADECULTURA, NOMECOMUMCULTURA, QUANTIDADE) VALUES (139, 'Vinha', 'Cardinal', 'Videira', 700);
INSERT INTO Plantacao (IDOPERACAO, DESIGNACAOPARCELA, VARIEDADECULTURA, NOMECOMUMCULTURA, QUANTIDADE) VALUES (140, 'Lameiro da ponte', 'Royal Gala', 'Macieira', 30);
INSERT INTO Plantacao (IDOPERACAO, DESIGNACAOPARCELA, VARIEDADECULTURA, NOMECOMUMCULTURA, QUANTIDADE) VALUES (141, 'Lameiro do moinho', 'Porta Da Loja', 'Macieira', 50);
INSERT INTO Plantacao (IDOPERACAO, DESIGNACAOPARCELA, VARIEDADECULTURA, NOMECOMUMCULTURA, QUANTIDADE) VALUES (142, 'Lameiro do moinho', 'Malápio', 'Macieira', 20);
INSERT INTO Plantacao (IDOPERACAO, DESIGNACAOPARCELA, VARIEDADECULTURA, NOMECOMUMCULTURA, QUANTIDADE) VALUES (143, 'Lameiro do moinho', 'Pipo De Basto', 'Macieira', 40);
INSERT INTO Plantacao (IDOPERACAO, DESIGNACAOPARCELA, VARIEDADECULTURA, NOMECOMUMCULTURA, QUANTIDADE) VALUES (144, 'Lameiro do moinho', 'Reinette Ou Canada', 'Macieira', 30);
INSERT INTO Plantacao (IDOPERACAO, DESIGNACAOPARCELA, VARIEDADECULTURA, NOMECOMUMCULTURA, QUANTIDADE) VALUES (145, 'Lameiro do moinho', 'Reinette Ou Grand Fay', 'Macieira', 40);
INSERT INTO Plantacao (IDOPERACAO, DESIGNACAOPARCELA, VARIEDADECULTURA, NOMECOMUMCULTURA, QUANTIDADE) VALUES (146, 'Lameiro do moinho', 'Gronho Doce', 'Macieira', 50);
INSERT INTO Plantacao (IDOPERACAO, DESIGNACAOPARCELA, VARIEDADECULTURA, NOMECOMUMCULTURA, QUANTIDADE) VALUES (147, 'Campo grande', 'Arbequina', 'Oliveira', 40);

INSERT INTO Poda (IDOPERACAO, DESIGNACAOPARCELA, VARIEDADECULTURA, NOMECOMUMCULTURA, QUANTIDADE) VALUES (148, 'Campo grande', 'Galega', 'Oliveira', 30);
INSERT INTO Poda (IDOPERACAO, DESIGNACAOPARCELA, VARIEDADECULTURA, NOMECOMUMCULTURA, QUANTIDADE) VALUES (149, 'Campo grande', 'Picual', 'Oliveira', 20);
INSERT INTO Poda (IDOPERACAO, DESIGNACAOPARCELA, VARIEDADECULTURA, NOMECOMUMCULTURA, QUANTIDADE) VALUES (150, 'Lameiro da ponte', 'Jonagored', 'Macieira', 90);
INSERT INTO Poda (IDOPERACAO, DESIGNACAOPARCELA, VARIEDADECULTURA, NOMECOMUMCULTURA, QUANTIDADE) VALUES (151, 'Lameiro da ponte', 'Fuji', 'Macieira', 60);
INSERT INTO Poda (IDOPERACAO, DESIGNACAOPARCELA, VARIEDADECULTURA, NOMECOMUMCULTURA, QUANTIDADE) VALUES (152, 'Lameiro da ponte', 'Royal Gala', 'Macieira', 40);
INSERT INTO Poda (IDOPERACAO, DESIGNACAOPARCELA, VARIEDADECULTURA, NOMECOMUMCULTURA, QUANTIDADE) VALUES (153, 'Campo grande', 'Galega', 'Oliveira', 30);
INSERT INTO Poda (IDOPERACAO, DESIGNACAOPARCELA, VARIEDADECULTURA, NOMECOMUMCULTURA, QUANTIDADE) VALUES (154, 'Campo grande', 'Picual', 'Oliveira', 20);
INSERT INTO Poda (IDOPERACAO, DESIGNACAOPARCELA, VARIEDADECULTURA, NOMECOMUMCULTURA, QUANTIDADE) VALUES (155, 'Vinha', 'Dona Maria', 'Videira', 500);
INSERT INTO Poda (IDOPERACAO, DESIGNACAOPARCELA, VARIEDADECULTURA, NOMECOMUMCULTURA, QUANTIDADE) VALUES (156, 'Vinha', 'Cardinal', 'Videira', 700);
INSERT INTO Poda (IDOPERACAO, DESIGNACAOPARCELA, VARIEDADECULTURA, NOMECOMUMCULTURA, QUANTIDADE) VALUES (157, 'Lameiro da ponte', 'Jonagored', 'Macieira', 90);
INSERT INTO Poda (IDOPERACAO, DESIGNACAOPARCELA, VARIEDADECULTURA, NOMECOMUMCULTURA, QUANTIDADE) VALUES (158, 'Lameiro da ponte', 'Fuji', 'Macieira', 60);
INSERT INTO Poda (IDOPERACAO, DESIGNACAOPARCELA, VARIEDADECULTURA, NOMECOMUMCULTURA, QUANTIDADE) VALUES (159, 'Lameiro da ponte', 'Royal Gala', 'Macieira', 40);
INSERT INTO Poda (IDOPERACAO, DESIGNACAOPARCELA, VARIEDADECULTURA, NOMECOMUMCULTURA, QUANTIDADE) VALUES (160, 'Campo grande', 'Galega', 'Oliveira', 30);
INSERT INTO Poda (IDOPERACAO, DESIGNACAOPARCELA, VARIEDADECULTURA, NOMECOMUMCULTURA, QUANTIDADE) VALUES (161, 'Campo grande', 'Picual', 'Oliveira', 20);
INSERT INTO Poda (IDOPERACAO, DESIGNACAOPARCELA, VARIEDADECULTURA, NOMECOMUMCULTURA, QUANTIDADE) VALUES (162, 'Vinha', 'Dona Maria', 'Videira', 500);
INSERT INTO Poda (IDOPERACAO, DESIGNACAOPARCELA, VARIEDADECULTURA, NOMECOMUMCULTURA, QUANTIDADE) VALUES (163, 'Vinha', 'Cardinal', 'Videira', 700);
INSERT INTO Poda (IDOPERACAO, DESIGNACAOPARCELA, VARIEDADECULTURA, NOMECOMUMCULTURA, QUANTIDADE) VALUES (164, 'Campo grande', 'Galega', 'Oliveira', 30);
INSERT INTO Poda (IDOPERACAO, DESIGNACAOPARCELA, VARIEDADECULTURA, NOMECOMUMCULTURA, QUANTIDADE) VALUES (165, 'Campo grande', 'Picual', 'Oliveira', 20);
INSERT INTO Poda (IDOPERACAO, DESIGNACAOPARCELA, VARIEDADECULTURA, NOMECOMUMCULTURA, QUANTIDADE) VALUES (166, 'Lameiro da ponte', 'Royal Gala', 'Macieira', 70);
INSERT INTO Poda (IDOPERACAO, DESIGNACAOPARCELA, VARIEDADECULTURA, NOMECOMUMCULTURA, QUANTIDADE) VALUES (167, 'Lameiro da ponte', 'Jonagored', 'Macieira', 50);
INSERT INTO Poda (IDOPERACAO, DESIGNACAOPARCELA, VARIEDADECULTURA, NOMECOMUMCULTURA, QUANTIDADE) VALUES (168, 'Lameiro da ponte', 'Jonagored', 'Macieira', 40);
INSERT INTO Poda (IDOPERACAO, DESIGNACAOPARCELA, VARIEDADECULTURA, NOMECOMUMCULTURA, QUANTIDADE) VALUES (169, 'Lameiro da ponte', 'Fuji', 'Macieira', 60);
INSERT INTO Poda (IDOPERACAO, DESIGNACAOPARCELA, VARIEDADECULTURA, NOMECOMUMCULTURA, QUANTIDADE) VALUES (170, 'Vinha', 'Dona Maria', 'Videira', 500);
INSERT INTO Poda (IDOPERACAO, DESIGNACAOPARCELA, VARIEDADECULTURA, NOMECOMUMCULTURA, QUANTIDADE) VALUES (171, 'Vinha', 'Cardinal', 'Videira', 700);
INSERT INTO Poda (IDOPERACAO, DESIGNACAOPARCELA, VARIEDADECULTURA, NOMECOMUMCULTURA, QUANTIDADE) VALUES (172, 'Campo grande', 'Galega', 'Oliveira', 30);
INSERT INTO Poda (IDOPERACAO, DESIGNACAOPARCELA, VARIEDADECULTURA, NOMECOMUMCULTURA, QUANTIDADE) VALUES (173, 'Campo grande', 'Picual', 'Oliveira', 20);
INSERT INTO Poda (IDOPERACAO, DESIGNACAOPARCELA, VARIEDADECULTURA, NOMECOMUMCULTURA, QUANTIDADE) VALUES (174, 'Lameiro da ponte', 'Royal Gala', 'Macieira', 70);
INSERT INTO Poda (IDOPERACAO, DESIGNACAOPARCELA, VARIEDADECULTURA, NOMECOMUMCULTURA, QUANTIDADE) VALUES (175, 'Lameiro da ponte', 'Jonagored', 'Macieira', 90);
INSERT INTO Poda (IDOPERACAO, DESIGNACAOPARCELA, VARIEDADECULTURA, NOMECOMUMCULTURA, QUANTIDADE) VALUES (176, 'Vinha', 'Dona Maria', 'Videira', 500);
INSERT INTO Poda (IDOPERACAO, DESIGNACAOPARCELA, VARIEDADECULTURA, NOMECOMUMCULTURA, QUANTIDADE) VALUES (177, 'Lameiro da ponte', 'Fuji', 'Macieira', 60);
INSERT INTO Poda (IDOPERACAO, DESIGNACAOPARCELA, VARIEDADECULTURA, NOMECOMUMCULTURA, QUANTIDADE) VALUES (178, 'Vinha', 'Cardinal', 'Videira', 700);
INSERT INTO Poda (IDOPERACAO, DESIGNACAOPARCELA, VARIEDADECULTURA, NOMECOMUMCULTURA, QUANTIDADE) VALUES (179, 'Campo grande', 'Galega', 'Oliveira', 30);
INSERT INTO Poda (IDOPERACAO, DESIGNACAOPARCELA, VARIEDADECULTURA, NOMECOMUMCULTURA, QUANTIDADE) VALUES (180, 'Campo grande', 'Picual', 'Oliveira', 20);
INSERT INTO Poda (IDOPERACAO, DESIGNACAOPARCELA, VARIEDADECULTURA, NOMECOMUMCULTURA, QUANTIDADE) VALUES (181, 'Lameiro da ponte', 'Royal Gala', 'Macieira', 70);
INSERT INTO Poda (IDOPERACAO, DESIGNACAOPARCELA, VARIEDADECULTURA, NOMECOMUMCULTURA, QUANTIDADE) VALUES (182, 'Lameiro da ponte', 'Jonagored', 'Macieira', 90);
INSERT INTO Poda (IDOPERACAO, DESIGNACAOPARCELA, VARIEDADECULTURA, NOMECOMUMCULTURA, QUANTIDADE) VALUES (183, 'Vinha', 'Dona Maria', 'Videira', 500);
INSERT INTO Poda (IDOPERACAO, DESIGNACAOPARCELA, VARIEDADECULTURA, NOMECOMUMCULTURA, QUANTIDADE) VALUES (184, 'Vinha', 'Cardinal', 'Videira', 700);
INSERT INTO Poda (IDOPERACAO, DESIGNACAOPARCELA, VARIEDADECULTURA, NOMECOMUMCULTURA, QUANTIDADE) VALUES (185, 'Lameiro da ponte', 'Fuji', 'Macieira', 60);

INSERT INTO Semeadura (IDOPERACAO, DESIGNACAOPARCELA, VARIEDADECULTURA, NOMECOMUMCULTURA, QUANTIDADE, UNIDADE) VALUES (186, 'Horta nova', 'Scarlet Nantes', 'Cenoura', 0.9, 'kg');
INSERT INTO Semeadura (IDOPERACAO, DESIGNACAOPARCELA, VARIEDADECULTURA, NOMECOMUMCULTURA, QUANTIDADE, UNIDADE) VALUES (187, 'Campo do poço', 'Mas 24.C', 'Milho', 1.2, 'ha');
INSERT INTO Semeadura (IDOPERACAO, DESIGNACAOPARCELA, VARIEDADECULTURA, NOMECOMUMCULTURA, QUANTIDADE, UNIDADE) VALUES (188, 'Horta nova', 'Nelson Hybrid', 'Cenoura', 0.6, 'kg');
INSERT INTO Semeadura (IDOPERACAO, DESIGNACAOPARCELA, VARIEDADECULTURA, NOMECOMUMCULTURA, QUANTIDADE, UNIDADE) VALUES (189, 'Horta nova', 'S. Cosme', 'Nabo', 0.6, 'kg');
INSERT INTO Semeadura (IDOPERACAO, DESIGNACAOPARCELA, VARIEDADECULTURA, NOMECOMUMCULTURA, QUANTIDADE, UNIDADE) VALUES (190, 'Campo da bouça', 'Amarelo', 'Tremoço', 36, 'kg');
INSERT INTO Semeadura (IDOPERACAO, DESIGNACAOPARCELA, VARIEDADECULTURA, NOMECOMUMCULTURA, QUANTIDADE, UNIDADE) VALUES (191, 'Campo do poço', 'Amarelo', 'Tremoço', 1.3, 'ha');
INSERT INTO Semeadura (IDOPERACAO, DESIGNACAOPARCELA, VARIEDADECULTURA, NOMECOMUMCULTURA, QUANTIDADE, UNIDADE) VALUES (192, 'Horta nova', 'Sugarsnax Hybrid', 'Cenoura', 0.9, 'kg');
INSERT INTO Semeadura (IDOPERACAO, DESIGNACAOPARCELA, VARIEDADECULTURA, NOMECOMUMCULTURA, QUANTIDADE, UNIDADE) VALUES (193, 'Campo do poço', 'Mas 24.C', 'Milho', 1.2, 'ha');
INSERT INTO Semeadura (IDOPERACAO, DESIGNACAOPARCELA, VARIEDADECULTURA, NOMECOMUMCULTURA, QUANTIDADE, UNIDADE) VALUES (194, 'Campo da bouça', 'Doce Golden Bantam', 'Milho', 30, 'kg');
INSERT INTO Semeadura (IDOPERACAO, DESIGNACAOPARCELA, VARIEDADECULTURA, NOMECOMUMCULTURA, QUANTIDADE, UNIDADE) VALUES (195, 'Horta nova', 'Danvers Half Long', 'Cenoura', 0.6, 'kg');
INSERT INTO Semeadura (IDOPERACAO, DESIGNACAOPARCELA, VARIEDADECULTURA, NOMECOMUMCULTURA, QUANTIDADE, UNIDADE) VALUES (196, 'Horta nova', 'S. Cosme', 'Nabo', 0.6, 'kg');
INSERT INTO Semeadura (IDOPERACAO, DESIGNACAOPARCELA, VARIEDADECULTURA, NOMECOMUMCULTURA, QUANTIDADE, UNIDADE) VALUES (197, 'Campo da bouça', 'Amarelo', 'Tremoço', 36, 'kg');
INSERT INTO Semeadura (IDOPERACAO, DESIGNACAOPARCELA, VARIEDADECULTURA, NOMECOMUMCULTURA, QUANTIDADE, UNIDADE) VALUES (198, 'Campo do poço', 'Amarelo', 'Tremoço', 1.3, 'ha');
INSERT INTO Semeadura (IDOPERACAO, DESIGNACAOPARCELA, VARIEDADECULTURA, NOMECOMUMCULTURA, QUANTIDADE, UNIDADE) VALUES (199, 'Horta nova', 'Sugarsnax Hybrid', 'Cenoura', 0.9, 'kg');
INSERT INTO Semeadura (IDOPERACAO, DESIGNACAOPARCELA, VARIEDADECULTURA, NOMECOMUMCULTURA, QUANTIDADE, UNIDADE) VALUES (200, 'Campo do poço', 'Mas 24.C', 'Milho', 1.2, 'ha');
INSERT INTO Semeadura (IDOPERACAO, DESIGNACAOPARCELA, VARIEDADECULTURA, NOMECOMUMCULTURA, QUANTIDADE, UNIDADE) VALUES (201, 'Campo da bouça', 'Doce Golden Bantam', 'Milho', 30, 'kg');
INSERT INTO Semeadura (IDOPERACAO, DESIGNACAOPARCELA, VARIEDADECULTURA, NOMECOMUMCULTURA, QUANTIDADE, UNIDADE) VALUES (202, 'Horta nova', 'Nelson Hybrid', 'Cenoura', 0.6, 'kg');
INSERT INTO Semeadura (IDOPERACAO, DESIGNACAOPARCELA, VARIEDADECULTURA, NOMECOMUMCULTURA, QUANTIDADE, UNIDADE) VALUES (203, 'Horta nova', 'Senhora Conceição', 'Nabo greleiro', 0.6, 'kg');
INSERT INTO Semeadura (IDOPERACAO, DESIGNACAOPARCELA, VARIEDADECULTURA, NOMECOMUMCULTURA, QUANTIDADE, UNIDADE) VALUES (204, 'Campo do poço', 'Amarelo', 'Tremoço', 1.3, 'ha');
INSERT INTO Semeadura (IDOPERACAO, DESIGNACAOPARCELA, VARIEDADECULTURA, NOMECOMUMCULTURA, QUANTIDADE, UNIDADE) VALUES (205, 'Campo Novo', 'Sugarsnax Hybrid', 'Cenoura', 1.2, 'kg');
INSERT INTO Semeadura (IDOPERACAO, DESIGNACAOPARCELA, VARIEDADECULTURA, NOMECOMUMCULTURA, QUANTIDADE, UNIDADE) VALUES (206, 'Campo Novo', 'Manteiga', 'Abóbora', 1.5, 'kg');
INSERT INTO Semeadura (IDOPERACAO, DESIGNACAOPARCELA, VARIEDADECULTURA, NOMECOMUMCULTURA, QUANTIDADE, UNIDADE) VALUES (207, 'Campo Novo', 'Danvers Half Long', 'Cenoura', 1.2, 'kg');
INSERT INTO Semeadura (IDOPERACAO, DESIGNACAOPARCELA, VARIEDADECULTURA, NOMECOMUMCULTURA, QUANTIDADE, UNIDADE) VALUES (208, 'Campo Novo', 'Amarelo', 'Tremoço', 32, 'kg');

INSERT INTO Monda (IDOPERACAO, DESIGNACAOPARCELA, VARIEDADECULTURA, NOMECOMUMCULTURA, QUANTIDADE) VALUES (209, 'Campo Novo', 'Sugarsnax Hybrid', 'Cenoura', 0.5);
INSERT INTO Monda (IDOPERACAO, DESIGNACAOPARCELA, VARIEDADECULTURA, NOMECOMUMCULTURA, QUANTIDADE) VALUES (210, 'Campo Novo', 'Manteiga', 'Abóbora', 0.6);
INSERT INTO Monda (IDOPERACAO, DESIGNACAOPARCELA, VARIEDADECULTURA, NOMECOMUMCULTURA, QUANTIDADE) VALUES (211, 'Campo Novo', 'Manteiga', 'Abóbora', 0.6);
INSERT INTO Monda (IDOPERACAO, DESIGNACAOPARCELA, VARIEDADECULTURA, NOMECOMUMCULTURA, QUANTIDADE) VALUES (212, 'Campo Novo', 'Danvers Half Long', 'Cenoura', 0.5);
