INSERT INTO planta (id, especie, nomeComum, variedade, tipoPlantacao, sementariaPlantacao, poda, floracao, colheita) VALUES (1, 'Prunus domestica', 'Ameixoeira', 'RAINHA CLAUDIA CARANGUEJEIRA', 'Permanente', NULL, 'Novembro a dezembro', 'Fevereiro a março', 'Julho a agosto');
INSERT INTO planta (id, especie, nomeComum, variedade, tipoPlantacao, sementariaPlantacao, poda, floracao, colheita) VALUES (2, 'Prunus domestica', 'Ameixoeira', 'PRESIDENT', 'Permanente', NULL, 'Novembro a dezembro', 'Fevereiro a março', 'Julho a agosto');
INSERT INTO planta (id, especie, nomeComum, variedade, tipoPlantacao, sementariaPlantacao, poda, floracao, colheita) VALUES (3, 'Prunus domestica', 'Ameixoeira', 'STANLEY', 'Permanente', NULL, 'Novembro a dezembro', 'Fevereiro a março', 'Julho a agosto');
INSERT INTO planta (id, especie, nomeComum, variedade, tipoPlantacao, sementariaPlantacao, poda, floracao, colheita) VALUES (4, 'Prunus domestica', 'Ameixoeira', 'ANGELENO', 'Permanente', NULL, 'Novembro a dezembro', 'Fevereiro a março', 'Julho a agosto');
INSERT INTO planta (id, especie, nomeComum, variedade, tipoPlantacao, sementariaPlantacao, poda, floracao, colheita) VALUES (5, 'Prunus domestica', 'Ameixoeira', 'BLACK BEAUTY', 'Permanente', NULL, 'Novembro a dezembro', 'Fevereiro a março', 'Julho a agosto');
INSERT INTO planta (id, especie, nomeComum, variedade, tipoPlantacao, sementariaPlantacao, poda, floracao, colheita) VALUES (6, 'Prunus domestica', 'Ameixoeira', 'BLACK STAR', 'Permanente', NULL, 'Novembro a dezembro', 'Fevereiro a março', 'Julho a agosto');
INSERT INTO planta (id, especie, nomeComum, variedade, tipoPlantacao, sementariaPlantacao, poda, floracao, colheita) VALUES (7, 'Prunus domestica', 'Ameixoeira', 'BLACK GOLD', 'Permanente', NULL, 'Novembro a dezembro', 'Fevereiro a março', 'Julho a agosto');
INSERT INTO planta (id, especie, nomeComum, variedade, tipoPlantacao, sementariaPlantacao, poda, floracao, colheita) VALUES (8, 'Prunus domestica', 'Ameixoeira', 'BLACK DIAMOND', 'Permanente', NULL, 'Novembro a dezembro', 'Fevereiro a março', 'Julho a agosto');
INSERT INTO planta (id, especie, nomeComum, variedade, tipoPlantacao, sementariaPlantacao, poda, floracao, colheita) VALUES (9, 'Prunus domestica', 'Ameixoeira', 'BLACK AMBER', 'Permanente', NULL, 'Novembro a dezembro', 'Fevereiro a março', 'Julho a agosto');
INSERT INTO planta (id, especie, nomeComum, variedade, tipoPlantacao, sementariaPlantacao, poda, floracao, colheita) VALUES (10, 'Prunus domestica', 'Ameixoeira', 'BLACK SPLENDOR', 'Permanente', NULL, 'Novembro a dezembro', 'Fevereiro a março', 'Julho a agosto');
INSERT INTO planta (id, especie, nomeComum, variedade, tipoPlantacao, sementariaPlantacao, poda, floracao, colheita) VALUES (11, 'Prunus domestica', 'Ameixoeira', 'FORTUNA', 'Permanente', NULL, 'Novembro a dezembro', 'Fevereiro a março', 'Julho a agosto');
INSERT INTO planta (id, especie, nomeComum, variedade, tipoPlantacao, sementariaPlantacao, poda, floracao, colheita) VALUES (12, 'Prunus domestica', 'Ameixoeira', 'FRIAR', 'Permanente', NULL, 'Novembro a dezembro', 'Fevereiro a março', 'Julho a agosto');
INSERT INTO planta (id, especie, nomeComum, variedade, tipoPlantacao, sementariaPlantacao, poda, floracao, colheita) VALUES (13, 'Prunus domestica', 'Ameixoeira', 'EL DORADO', 'Permanente', NULL, 'Novembro a dezembro', 'Fevereiro a março', 'Julho a agosto');
INSERT INTO planta (id, especie, nomeComum, variedade, tipoPlantacao, sementariaPlantacao, poda, floracao, colheita) VALUES (14, 'Prunus domestica', 'Ameixoeira', 'ELEPHANT HEART', 'Permanente', NULL, 'Novembro a dezembro', 'Fevereiro a março', 'Julho a agosto');
INSERT INTO planta (id, especie, nomeComum, variedade, tipoPlantacao, sementariaPlantacao, poda, floracao, colheita) VALUES (15, 'Prunus domestica', 'Ameixoeira', 'GOLDEN JAPAN', 'Permanente', NULL, 'Novembro a dezembro', 'Fevereiro a março', 'Julho a agosto');
INSERT INTO planta (id, especie, nomeComum, variedade, tipoPlantacao, sementariaPlantacao, poda, floracao, colheita) VALUES (16, 'Prunus domestica', 'Ameixoeira', 'HARRY PITCHON', 'Permanente', NULL, 'Novembro a dezembro', 'Fevereiro a março', 'Julho a agosto');
INSERT INTO planta (id, especie, nomeComum, variedade, tipoPlantacao, sementariaPlantacao, poda, floracao, colheita) VALUES (17, 'Prunus domestica', 'Ameixoeira', 'LAETITIA', 'Permanente', NULL, 'Novembro a dezembro', 'Fevereiro a março', 'Julho a agosto');
INSERT INTO planta (id, especie, nomeComum, variedade, tipoPlantacao, sementariaPlantacao, poda, floracao, colheita) VALUES (18, 'Prunus domestica', 'Ameixoeira', 'METLEY', 'Permanente', NULL, 'Novembro a dezembro', 'Fevereiro a março', 'Julho a agosto');
INSERT INTO planta (id, especie, nomeComum, variedade, tipoPlantacao, sementariaPlantacao, poda, floracao, colheita) VALUES (19, 'Prunus domestica', 'Ameixoeira', 'MIRABELLE DE NANCY', 'Permanente', NULL, 'Novembro a dezembro', 'Fevereiro a março', 'Julho a agosto');
INSERT INTO planta (id, especie, nomeComum, variedade, tipoPlantacao, sementariaPlantacao, poda, floracao, colheita) VALUES (20, 'Prunus domestica', 'Ameixoeira', 'QUEEN ROSE', 'Permanente', NULL, 'Novembro a dezembro', 'Fevereiro a março', 'Julho a agosto');
INSERT INTO planta (id, especie, nomeComum, variedade, tipoPlantacao, sementariaPlantacao, poda, floracao, colheita) VALUES (21, 'Prunus domestica', 'Ameixoeira', 'RED BEAUT', 'Permanente', NULL, 'Novembro a dezembro', 'Fevereiro a março', 'Julho a agosto');
INSERT INTO planta (id, especie, nomeComum, variedade, tipoPlantacao, sementariaPlantacao, poda, floracao, colheita) VALUES (22, 'Prunus domestica', 'Ameixoeira', 'SANTA ROSA', 'Permanente', NULL, 'Novembro a dezembro', 'Fevereiro a março', 'Julho a agosto');
INSERT INTO planta (id, especie, nomeComum, variedade, tipoPlantacao, sementariaPlantacao, poda, floracao, colheita) VALUES (23, 'Prunus domestica', 'Ameixoeira', 'SHIRO', 'Permanente', NULL, 'Novembro a dezembro', 'Fevereiro a março', 'Julho a agosto');
INSERT INTO planta (id, especie, nomeComum, variedade, tipoPlantacao, sementariaPlantacao, poda, floracao, colheita) VALUES (24, 'Prunus domestica', 'Ameixoeira', 'SUNGOLD', 'Permanente', NULL, 'Novembro a dezembro', 'Fevereiro a março', 'Julho a agosto');
INSERT INTO planta (id, especie, nomeComum, variedade, tipoPlantacao, sementariaPlantacao, poda, floracao, colheita) VALUES (25, 'Prunus domestica', 'Ameixoeira', 'WILSON PERFECTION', 'Permanente', NULL, 'Novembro a dezembro', 'Fevereiro a março', 'Julho a agosto');
INSERT INTO planta (id, especie, nomeComum, variedade, tipoPlantacao, sementariaPlantacao, poda, floracao, colheita) VALUES (26, 'Prunus domestica', 'Ameixoeira', 'AUTUMN GIANT', 'Permanente', NULL, 'Novembro a dezembro', 'Fevereiro a março', 'Julho a agosto');
INSERT INTO planta (id, especie, nomeComum, variedade, tipoPlantacao, sementariaPlantacao, poda, floracao, colheita) VALUES (27, 'Prunus armeniaca', 'Damasqueiro', 'BULIDA', 'Permanente', NULL, 'Novembro a dezembro', 'Fevereiro a março', 'Julho a agosto');
INSERT INTO planta (id, especie, nomeComum, variedade, tipoPlantacao, sementariaPlantacao, poda, floracao, colheita) VALUES (28, 'Prunus armeniaca', 'Damasqueiro', 'CANINO', 'Permanente', NULL, 'Novembro a dezembro', 'Fevereiro a março', 'Julho a agosto');
INSERT INTO planta (id, especie, nomeComum, variedade, tipoPlantacao, sementariaPlantacao, poda, floracao, colheita) VALUES (29, 'Prunus armeniaca', 'Damasqueiro', 'LIABAUD', 'Permanente', NULL, 'Novembro a dezembro', 'Fevereiro a março', 'Julho a agosto');
INSERT INTO planta (id, especie, nomeComum, variedade, tipoPlantacao, sementariaPlantacao, poda, floracao, colheita) VALUES (30, 'Prunus armeniaca', 'Damasqueiro', 'MAILLOT JAUNE', 'Permanente', NULL, 'Novembro a dezembro', 'Fevereiro a março', 'Julho a agosto');
INSERT INTO planta (id, especie, nomeComum, variedade, tipoPlantacao, sementariaPlantacao, poda, floracao, colheita) VALUES (31, 'Prunus armeniaca', 'Damasqueiro', 'POLONAIS', 'Permanente', NULL, 'Novembro a dezembro', 'Fevereiro a março', 'Julho a agosto');
INSERT INTO planta (id, especie, nomeComum, variedade, tipoPlantacao, sementariaPlantacao, poda, floracao, colheita) VALUES (32, 'Malus domestica', 'Macieira', 'AKANE', 'Permanente', NULL, 'Novembro a dezembro', 'Março a abril', 'Agosto a setembro');
INSERT INTO planta (id, especie, nomeComum, variedade, tipoPlantacao, sementariaPlantacao, poda, floracao, colheita) VALUES (33, 'Malus domestica', 'Macieira', 'BELGOLDEN', 'Permanente', NULL, 'Novembro a dezembro', 'Março a abril', 'Agosto a setembro');
INSERT INTO planta (id, especie, nomeComum, variedade, tipoPlantacao, sementariaPlantacao, poda, floracao, colheita) VALUES (34, 'Malus domestica', 'Macieira', 'BRAVO DE ESMOLFE', 'Permanente', NULL, 'Novembro a dezembro', 'Março a abril', 'Agosto a setembro');
INSERT INTO planta (id, especie, nomeComum, variedade, tipoPlantacao, sementariaPlantacao, poda, floracao, colheita) VALUES (35, 'Malus domestica', 'Macieira', 'CASA NOVA DE ALCOBAÇA', 'Permanente', NULL, 'Novembro a dezembro', 'Março a abril', 'Agosto a setembro');
INSERT INTO planta (id, especie, nomeComum, variedade, tipoPlantacao, sementariaPlantacao, poda, floracao, colheita) VALUES (36, 'Malus domestica', 'Macieira', 'EROVAN', 'Permanente', NULL, 'Novembro a dezembro', 'Março a abril', 'Agosto a setembro');
INSERT INTO planta (id, especie, nomeComum, variedade, tipoPlantacao, sementariaPlantacao, poda, floracao, colheita) VALUES (37, 'Malus domestica', 'Macieira', 'FUJI', 'Permanente', NULL, 'Novembro a dezembro', 'Março a abril', 'Agosto a setembro');
INSERT INTO planta (id, especie, nomeComum, variedade, tipoPlantacao, sementariaPlantacao, poda, floracao, colheita) VALUES (38, 'Malus domestica', 'Macieira', 'GRANNY SMITH', 'Permanente', NULL, 'Novembro a dezembro', 'Março a abril', 'Agosto a setembro');
INSERT INTO planta (id, especie, nomeComum, variedade, tipoPlantacao, sementariaPlantacao, poda, floracao, colheita) VALUES (39, 'Malus domestica', 'Macieira', 'GOLDEN DELICIOUS', 'Permanente', NULL, 'Novembro a dezembro', 'Março a abril', 'Agosto a setembro');
INSERT INTO planta (id, especie, nomeComum, variedade, tipoPlantacao, sementariaPlantacao, poda, floracao, colheita) VALUES (40, 'Malus domestica', 'Macieira', 'HI-EARLY', 'Permanente', NULL, 'Novembro a dezembro', 'Março a abril', 'Agosto a setembro');
INSERT INTO planta (id, especie, nomeComum, variedade, tipoPlantacao, sementariaPlantacao, poda, floracao, colheita) VALUES (41, 'Malus domestica', 'Macieira', 'JONAGORED', 'Permanente', NULL, 'Novembro a dezembro', 'Março a abril', 'Agosto a setembro');
INSERT INTO planta (id, especie, nomeComum, variedade, tipoPlantacao, sementariaPlantacao, poda, floracao, colheita) VALUES (42, 'Malus domestica', 'Macieira', 'LYSGOLDEN', 'Permanente', NULL, 'Novembro a dezembro', 'Março a abril', 'Agosto a setembro');
INSERT INTO planta (id, especie, nomeComum, variedade, tipoPlantacao, sementariaPlantacao, poda, floracao, colheita) VALUES (43, 'Malus domestica', 'Macieira', 'MUTSU', 'Permanente', NULL, 'Novembro a dezembro', 'Março a abril', 'Agosto a setembro');
INSERT INTO planta (id, especie, nomeComum, variedade, tipoPlantacao, sementariaPlantacao, poda, floracao, colheita) VALUES (44, 'Malus domestica', 'Macieira', 'PORTA DA LOJA', 'Permanente', NULL, 'Janeiro', 'Abril a maio', 'Novembro a dezembro');
INSERT INTO planta (id, especie, nomeComum, variedade, tipoPlantacao, sementariaPlantacao, poda, floracao, colheita) VALUES (45, 'Malus domestica', 'Macieira', 'REINETTE OU CANADA', 'Permanente', NULL, 'Novembro a dezembro', 'Março a abril', 'Agosto a setembro');
INSERT INTO planta (id, especie, nomeComum, variedade, tipoPlantacao, sementariaPlantacao, poda, floracao, colheita) VALUES (46, 'Malus domestica', 'Macieira', 'REINETTE OU GRAND FAY', 'Permanente', NULL, 'Novembro a dezembro', 'Março a abril', 'Agosto a setembro');
INSERT INTO planta (id, especie, nomeComum, variedade, tipoPlantacao, sementariaPlantacao, poda, floracao, colheita) VALUES (47, 'Malus domestica', 'Macieira', 'RISCADINHA DE PALMELA', 'Permanente', NULL, 'Novembro a dezembro', 'Março a abril', 'Agosto a setembro');
INSERT INTO planta (id, especie, nomeComum, variedade, tipoPlantacao, sementariaPlantacao, poda, floracao, colheita) VALUES (48, 'Malus domestica', 'Macieira', 'ROYAL GALA', 'Permanente', NULL, 'Novembro a dezembro', 'Março a abril', 'Agosto a setembro');
INSERT INTO planta (id, especie, nomeComum, variedade, tipoPlantacao, sementariaPlantacao, poda, floracao, colheita) VALUES (49, 'Malus domestica', 'Macieira', 'REDCHIEF', 'Permanente', NULL, 'Novembro a dezembro', 'Março a abril', 'Agosto a setembro');
INSERT INTO planta (id, especie, nomeComum, variedade, tipoPlantacao, sementariaPlantacao, poda, floracao, colheita) VALUES (50, 'Malus domestica', 'Macieira', 'STARKING', 'Permanente', NULL, 'Novembro a dezembro', 'Março a abril', 'Agosto a setembro');
INSERT INTO planta (id, especie, nomeComum, variedade, tipoPlantacao, sementariaPlantacao, poda, floracao, colheita) VALUES (51, 'Malus domestica', 'Macieira', 'SUMMER RED', 'Permanente', NULL, 'Novembro a dezembro', 'Março a abril', 'Agosto a setembro');
INSERT INTO planta (id, especie, nomeComum, variedade, tipoPlantacao, sementariaPlantacao, poda, floracao, colheita) VALUES (52, 'Malus domestica', 'Macieira', 'WELL SPUR DELICIOUS', 'Permanente', NULL, 'Novembro a dezembro', 'Março a abril', 'Agosto a setembro');
INSERT INTO planta (id, especie, nomeComum, variedade, tipoPlantacao, sementariaPlantacao, poda, floracao, colheita) VALUES (53, 'Malus domestica', 'Macieira', 'NOIVA', 'Permanente', NULL, 'Novembro a dezembro', 'Março a abril', 'Agosto a setembro');
INSERT INTO planta (id, especie, nomeComum, variedade, tipoPlantacao, sementariaPlantacao, poda, floracao, colheita) VALUES (54, 'Malus domestica', 'Macieira', 'OLHO ABERTO', 'Permanente', NULL, 'Novembro a dezembro', 'Março a abril', 'Agosto a setembro');
INSERT INTO planta (id, especie, nomeComum, variedade, tipoPlantacao, sementariaPlantacao, poda, floracao, colheita) VALUES (55, 'Malus domestica', 'Macieira', 'CAMOESA ROSA', 'Permanente', NULL, 'Novembro a dezembro', 'Março a abril', 'Agosto a setembro');
INSERT INTO planta (id, especie, nomeComum, variedade, tipoPlantacao, sementariaPlantacao, poda, floracao, colheita) VALUES (56, 'Malus domestica', 'Macieira', 'MALÁPIO', 'Permanente', NULL, 'Novembro a dezembro', 'Março a abril', 'Agosto a setembro');
INSERT INTO planta (id, especie, nomeComum, variedade, tipoPlantacao, sementariaPlantacao, poda, floracao, colheita) VALUES (57, 'Malus domestica', 'Macieira', 'GRONHO DOCE', 'Permanente', NULL, 'Novembro a dezembro', 'Março a abril', 'Agosto a setembro');
INSERT INTO planta (id, especie, nomeComum, variedade, tipoPlantacao, sementariaPlantacao, poda, floracao, colheita) VALUES (58, 'Malus domestica', 'Macieira', 'PÉ DE BOI ', 'Permanente', NULL, 'Novembro a dezembro', 'Março a abril', 'Agosto a setembro');
INSERT INTO planta (id, especie, nomeComum, variedade, tipoPlantacao, sementariaPlantacao, poda, floracao, colheita) VALUES (59, 'Malus domestica', 'Macieira', 'PINOVA', 'Permanente', NULL, 'Novembro a dezembro', 'Março a abril', 'Agosto a setembro');
INSERT INTO planta (id, especie, nomeComum, variedade, tipoPlantacao, sementariaPlantacao, poda, floracao, colheita) VALUES (60, 'Malus domestica', 'Macieira', 'PARDO LINDO', 'Permanente', NULL, 'Novembro a dezembro', 'Março a abril', 'Agosto a setembro');
INSERT INTO planta (id, especie, nomeComum, variedade, tipoPlantacao, sementariaPlantacao, poda, floracao, colheita) VALUES (61, 'Malus domestica', 'Macieira', 'PIPO DE BASTO', 'Permanente', NULL, 'Novembro a dezembro', 'Março a abril', 'Agosto a setembro');
INSERT INTO planta (id, especie, nomeComum, variedade, tipoPlantacao, sementariaPlantacao, poda, floracao, colheita) VALUES (62, 'Malus domestica', 'Macieira', 'PRIMA', 'Permanente', NULL, 'Novembro a dezembro', 'Março a abril', 'Agosto a setembro');
INSERT INTO planta (id, especie, nomeComum, variedade, tipoPlantacao, sementariaPlantacao, poda, floracao, colheita) VALUES (63, 'Malus domestica', 'Macieira', 'QUERINA', 'Permanente', NULL, 'Novembro a dezembro', 'Março a abril', 'Agosto a setembro');
INSERT INTO planta (id, especie, nomeComum, variedade, tipoPlantacao, sementariaPlantacao, poda, floracao, colheita) VALUES (64, 'Malus domestica', 'Macieira', 'VISTA BELLA', 'Permanente', NULL, 'Novembro a dezembro', 'Março a abril', 'Agosto a setembro');
INSERT INTO planta (id, especie, nomeComum, variedade, tipoPlantacao, sementariaPlantacao, poda, floracao, colheita) VALUES (65, 'Malus domestica', 'Macieira', 'GOLDEN SMOOTHEE', 'Permanente', NULL, 'Novembro a dezembro', 'Março a abril', 'Agosto a setembro');
INSERT INTO planta (id, especie, nomeComum, variedade, tipoPlantacao, sementariaPlantacao, poda, floracao, colheita) VALUES (66, 'Malus domestica', 'Macieira', 'GOLDEN SUPREMA', 'Permanente', NULL, 'Novembro a dezembro', 'Março a abril', 'Agosto a setembro');
INSERT INTO planta (id, especie, nomeComum, variedade, tipoPlantacao, sementariaPlantacao, poda, floracao, colheita) VALUES (67, 'Malus domestica', 'Macieira', 'GLOSTER 69', 'Permanente', NULL, 'Novembro a dezembro', 'Março a abril', 'Agosto a setembro');
INSERT INTO planta (id, especie, nomeComum, variedade, tipoPlantacao, sementariaPlantacao, poda, floracao, colheita) VALUES (68, 'Malus domestica', 'Macieira', 'FREEDOM', 'Permanente', NULL, 'Novembro a dezembro', 'Março a abril', 'Agosto a setembro');
INSERT INTO planta (id, especie, nomeComum, variedade, tipoPlantacao, sementariaPlantacao, poda, floracao, colheita) VALUES (69, 'Pyrus pyrifolia', 'Pera Nashi', 'SNINSEIKI', 'Permanente', NULL, NULL, NULL, NULL);
INSERT INTO planta (id, especie, nomeComum, variedade, tipoPlantacao, sementariaPlantacao, poda, floracao, colheita) VALUES (70, 'Pyrus pyrifolia', 'Pera Nashi', 'KUMOI', 'Permanente', NULL, NULL, NULL, NULL);
INSERT INTO planta (id, especie, nomeComum, variedade, tipoPlantacao, sementariaPlantacao, poda, floracao, colheita) VALUES (71, 'Pyrus pyrifolia', 'Pera Nashi', 'HOSUI', 'Permanente', NULL, NULL, NULL, NULL);
INSERT INTO planta (id, especie, nomeComum, variedade, tipoPlantacao, sementariaPlantacao, poda, floracao, colheita) VALUES (72, 'Pyrus pyrifolia', 'Pera Nashi', 'NIJISSEIKI', 'Permanente', NULL, NULL, NULL, NULL);
INSERT INTO planta (id, especie, nomeComum, variedade, tipoPlantacao, sementariaPlantacao, poda, floracao, colheita) VALUES (73, 'Daucus carota subsp. Sativus', 'Cenoura', 'Carson Hybrid', 'Temporária', NULL, NULL, NULL, '80 dias');
INSERT INTO planta (id, especie, nomeComum, variedade, tipoPlantacao, sementariaPlantacao, poda, floracao, colheita) VALUES (74, 'Daucus carota subsp. Sativus', 'Cenoura', 'Red Cored Chantenay', 'Temporária', NULL, NULL, NULL, '80 dias');
INSERT INTO planta (id, especie, nomeComum, variedade, tipoPlantacao, sementariaPlantacao, poda, floracao, colheita) VALUES (75, 'Daucus carota subsp. Sativus', 'Cenoura', 'Danvers Half Long', 'Temporária', NULL, NULL, NULL, '80 dias');
INSERT INTO planta (id, especie, nomeComum, variedade, tipoPlantacao, sementariaPlantacao, poda, floracao, colheita) VALUES (76, 'Daucus carota subsp. Sativus', 'Cenoura', 'Imperator 58', 'Temporária', NULL, NULL, NULL, '80 dias');
INSERT INTO planta (id, especie, nomeComum, variedade, tipoPlantacao, sementariaPlantacao, poda, floracao, colheita) VALUES (77, 'Daucus carota subsp. Sativus', 'Cenoura', 'Sugarsnax Hybrid', 'Temporária', NULL, NULL, NULL, '80 dias');
INSERT INTO planta (id, especie, nomeComum, variedade, tipoPlantacao, sementariaPlantacao, poda, floracao, colheita) VALUES (78, 'Daucus carota subsp. Sativus', 'Cenoura', 'Nelson Hybrid', 'Temporária', NULL, NULL, NULL, '80 dias');
INSERT INTO planta (id, especie, nomeComum, variedade, tipoPlantacao, sementariaPlantacao, poda, floracao, colheita) VALUES (79, 'Daucus carota subsp. Sativus', 'Cenoura', 'Scarlet Nantes', 'Temporária', NULL, NULL, NULL, '80 dias');
INSERT INTO planta (id, especie, nomeComum, variedade, tipoPlantacao, sementariaPlantacao, poda, floracao, colheita) VALUES (80, 'Lupinus luteus', 'Tremoço', 'Amarelo', 'Temporária', NULL, NULL, NULL, NULL);
INSERT INTO planta (id, especie, nomeComum, variedade, tipoPlantacao, sementariaPlantacao, poda, floracao, colheita) VALUES (81, 'Lupinus albus', 'Tremoço', 'Branco', 'Temporária', NULL, NULL, NULL, NULL);
INSERT INTO planta (id, especie, nomeComum, variedade, tipoPlantacao, sementariaPlantacao, poda, floracao, colheita) VALUES (82, 'Zea mays', 'Milho', 'MAS 24.C', 'Temporária', 'Abril a junho', NULL, NULL, 'Julho a setembro');
INSERT INTO planta (id, especie, nomeComum, variedade, tipoPlantacao, sementariaPlantacao, poda, floracao, colheita) VALUES (83, 'Zea mays', 'Milho', 'Doce Golden Bantam', 'Temporária', 'Abril a junho', NULL, NULL, 'Julho a setembro');
INSERT INTO planta (id, especie, nomeComum, variedade, tipoPlantacao, sementariaPlantacao, poda, floracao, colheita) VALUES (84, 'Brassica rapa', 'Nabo greleiro', 'Senhora Conceição', 'Temporária', 'Março a setembro', NULL, NULL, 'Junho a fevereiro');
INSERT INTO planta (id, especie, nomeComum, variedade, tipoPlantacao, sementariaPlantacao, poda, floracao, colheita) VALUES (85, 'Olea europaea', 'Oliveira', 'COBRANÇOSA', 'Permanente', NULL, NULL, NULL, 'Outubro a novembro');
INSERT INTO planta (id, especie, nomeComum, variedade, tipoPlantacao, sementariaPlantacao, poda, floracao, colheita) VALUES (86, 'Olea europaea', 'Oliveira', 'ARBEQUINA', 'Permanente', NULL, NULL, NULL, 'Outubro a novembro');
INSERT INTO planta (id, especie, nomeComum, variedade, tipoPlantacao, sementariaPlantacao, poda, floracao, colheita) VALUES (87, 'Olea europaea', 'Oliveira', 'HOJIBLANCA', 'Permanente', NULL, NULL, NULL, 'Outubro a novembro');
INSERT INTO planta (id, especie, nomeComum, variedade, tipoPlantacao, sementariaPlantacao, poda, floracao, colheita) VALUES (88, 'Olea europaea', 'Oliveira', 'NEGRINHA DO FREIXO', 'Permanente', NULL, NULL, NULL, 'Outubro a novembro');
INSERT INTO planta (id, especie, nomeComum, variedade, tipoPlantacao, sementariaPlantacao, poda, floracao, colheita) VALUES (89, 'Olea europaea', 'Oliveira', 'PICUAL', 'Permanente', NULL, NULL, NULL, 'Outubro a novembro');
INSERT INTO planta (id, especie, nomeComum, variedade, tipoPlantacao, sementariaPlantacao, poda, floracao, colheita) VALUES (90, 'Olea europaea', 'Oliveira', 'MAÇANILHA', 'Permanente', NULL, NULL, NULL, 'Outubro a novembro');
INSERT INTO planta (id, especie, nomeComum, variedade, tipoPlantacao, sementariaPlantacao, poda, floracao, colheita) VALUES (91, 'Olea europaea', 'Oliveira', 'CONSERVA DE ELVAS', 'Permanente', NULL, NULL, NULL, 'Outubro a novembro');
INSERT INTO planta (id, especie, nomeComum, variedade, tipoPlantacao, sementariaPlantacao, poda, floracao, colheita) VALUES (92, 'Olea europaea', 'Oliveira', 'Galega ', 'Permanente', NULL, NULL, NULL, 'Outubro a novembro');
INSERT INTO planta (id, especie, nomeComum, variedade, tipoPlantacao, sementariaPlantacao, poda, floracao, colheita) VALUES (93, 'Brassica rapa', 'Nabo', 'S. Cosme', 'Temporária', 'Fevereiro a abril, agosto a outubro', NULL, NULL, '90 dias');
INSERT INTO planta (id, especie, nomeComum, variedade, tipoPlantacao, sementariaPlantacao, poda, floracao, colheita) VALUES (94, 'Vitis vinifera', 'Videira', 'Dona Maria', 'Permanente', NULL, 'Dezembro a janeiro', 'Maio', 'Junho a agosto');
INSERT INTO planta (id, especie, nomeComum, variedade, tipoPlantacao, sementariaPlantacao, poda, floracao, colheita) VALUES (95, 'Vitis vinifera', 'Videira', 'Cardinal', 'Permanente', NULL, 'Dezembro a janeiro', 'Maio', 'Junho a agosto');

INSERT INTO quimico (nomeComercial, percentagem, fatorProducaodesignacao) VALUES ('CU', '0.2', 'Calda Bordalesa ASCENZA');						
INSERT INTO quimico (nomeComercial, percentagem, fatorProducaodesignacao) VALUES ('S', '0.8', 'Enxofre Bayer 80 WG');						
INSERT INTO quimico (nomeComercial, percentagem, fatorProducaodesignacao) VALUES ('K', '0.249', 'Patentkali');		
INSERT INTO quimico (nomeComercial, percentagem, fatorProducaodesignacao) VALUES ('Mg', '0.06', 'Patentkali');		
INSERT INTO quimico (nomeComercial, percentagem, fatorProducaodesignacao) VALUES ('S', '0.176', 'Patentkali');		
INSERT INTO quimico (nomeComercial, percentagem, fatorProducaodesignacao) VALUES ('Mg', '0.151', 'ESTA Kieserit');		
INSERT INTO quimico (nomeComercial, percentagem, fatorProducaodesignacao) VALUES ('S', '0.208', 'ESTA Kieserit');				
INSERT INTO quimico (nomeComercial, percentagem, fatorProducaodesignacao) VALUES ('Mg', '0.09', 'EPSO Microtop');		
INSERT INTO quimico (nomeComercial, percentagem, fatorProducaodesignacao) VALUES ('S', '0.124', 'EPSO Microtop');		
INSERT INTO quimico (nomeComercial, percentagem, fatorProducaodesignacao) VALUES ('B', '0.009', 'EPSO Microtop');		
INSERT INTO quimico (nomeComercial, percentagem, fatorProducaodesignacao) VALUES ('Mn', '0.01', 'EPSO Microtop');
INSERT INTO quimico (nomeComercial, percentagem, fatorProducaodesignacao) VALUES ('Mg', '0.096', 'EPSO Top');		
INSERT INTO quimico (nomeComercial, percentagem, fatorProducaodesignacao) VALUES ('S', '0.13', 'EPSO Top');				
INSERT INTO quimico (nomeComercial, percentagem, fatorProducaodesignacao) VALUES ('CaCO3', '0.882', 'Biocal CaCo3');		
INSERT INTO quimico (nomeComercial, percentagem, fatorProducaodesignacao) VALUES ('MgCO3', '0.019', 'Biocal CaCo3');				
INSERT INTO quimico (nomeComercial, percentagem, fatorProducaodesignacao) VALUES ('CaCO3', '0.717', 'Biocal Composto');		
INSERT INTO quimico (nomeComercial, percentagem, fatorProducaodesignacao) VALUES ('MgCO3', '0.148', 'Biocal Composto');		
INSERT INTO quimico (nomeComercial, percentagem, fatorProducaodesignacao) VALUES ('MgO', '0.079', 'Biocal Composto');		
INSERT INTO quimico (nomeComercial, percentagem, fatorProducaodesignacao) VALUES ('Bacillus pumilus', '0.9774', 'Sonata');						
INSERT INTO quimico (nomeComercial, percentagem, fatorProducaodesignacao) VALUES ('Ácidos gordos (na forma de sais de potássio)', '0.478', 'FLiPPER ');						
INSERT INTO quimico (nomeComercial, percentagem, fatorProducaodesignacao) VALUES ('Terpenóides', '0.1442', 'Requiem Prime');						

INSERT INTO fatorProducao (designacao, fabricante, formato, tipo, aplicacao) VALUES ('Calda Bordalesa ASCENZA', 'ASCENZA', 'Pó molhável', 'Fitofármaco', 'Fungicida');
INSERT INTO fatorProducao (designacao, fabricante, formato, tipo, aplicacao) VALUES ('Enxofre Bayer 80 WG', 'Bayer', 'Pó molhável', 'Fitofármaco', 'Fungicida');
INSERT INTO fatorProducao (designacao, fabricante, formato, tipo, aplicacao) VALUES ('Patentkali', 'K+S', 'Granulado', 'Adubo', 'Adubo solo');
INSERT INTO fatorProducao (designacao, fabricante, formato, tipo, aplicacao) VALUES ('ESTA Kieserit', 'K+S', 'Granulado', 'Adubo', 'Adubo solo');
INSERT INTO fatorProducao (designacao, fabricante, formato, tipo, aplicacao) VALUES ('EPSO Microtop', 'K+S', 'Granulado', 'Adubo', 'Adubo foliar+Fertirrega');
INSERT INTO fatorProducao (designacao, fabricante, formato, tipo, aplicacao) VALUES ('EPSO Top', 'K+S', 'Granulado', 'Adubo', 'Adubo foliar');
INSERT INTO fatorProducao (designacao, fabricante, formato, tipo, aplicacao) VALUES ('Biocal CaCo3', 'Biocal', 'Granulado', 'Corretor', 'Correção solo');
INSERT INTO fatorProducao (designacao, fabricante, formato, tipo, aplicacao) VALUES ('Biocal Composto', 'Biocal', 'Pó', 'Corretor', 'Correção solo');
INSERT INTO fatorProducao (designacao, fabricante, formato, tipo, aplicacao) VALUES ('Sonata', 'Bayer', 'Líquido', 'Fitofármaco', 'Fungicida');
INSERT INTO fatorProducao (designacao, fabricante, formato, tipo, aplicacao) VALUES ('FLiPPER ', 'Bayer', 'Emulsão de óleo em água', 'Fitofármaco', 'Insecticida');
INSERT INTO fatorProducao (designacao, fabricante, formato, tipo, aplicacao) VALUES ('Requiem Prime', 'Bayer', 'Líquido', 'Fitofármaco', 'Insecticida');

INSERT INTO exploracaoAgricola (id, tipo, designacao, area, unidade) VALUES (101, 'Parcela', 'Campo da bouça', '1.2', 'ha');
INSERT INTO exploracaoAgricola (id, tipo, designacao, area, unidade) VALUES (102, 'Parcela', 'Campo grande', '3', 'ha');
INSERT INTO exploracaoAgricola (id, tipo, designacao, area, unidade) VALUES (103, 'Parcela', 'Campo do poço', '1.5', 'ha');
INSERT INTO exploracaoAgricola (id, tipo, designacao, area, unidade) VALUES (104, 'Parcela', 'Lameiro da ponte', '0.8', 'ha');
INSERT INTO exploracaoAgricola (id, tipo, designacao, area, unidade) VALUES (105, 'Parcela', 'Lameiro do moinho', '1.1', 'ha');
INSERT INTO exploracaoAgricola (id, tipo, designacao, area, unidade) VALUES (106, 'Parcela', 'Horta nova', '0.3', 'ha');
INSERT INTO exploracaoAgricola (id, tipo, designacao, area, unidade) VALUES (107, 'Parcela', 'Vinha', '2', 'ha');
INSERT INTO exploracaoAgricola (id, tipo, designacao, area, unidade) VALUES (201, 'Armazém', 'Espigueiro', '600', 'm2');
INSERT INTO exploracaoAgricola (id, tipo, designacao, area, unidade) VALUES (202, 'Armazém', 'Armazém novo', '800', 'm2');
INSERT INTO exploracaoAgricola (id, tipo, designacao, area, unidade) VALUES (203, 'Garagem', 'Armazém grande', '900', 'm2');
INSERT INTO exploracaoAgricola (id, tipo, designacao, area, unidade) VALUES (250, 'Moinho', 'Moinho', NULL, NULL);
INSERT INTO exploracaoAgricola (id, tipo, designacao, area, unidade) VALUES (301, 'Rega', 'Tanque do campo grande', '18', 'm3');
INSERT INTO exploracaoAgricola (id, tipo, designacao, area, unidade) VALUES (302, 'Rega', 'Poço da bouça', '35', 'm3');

INSERT INTO cultura (id, nome, tipo, dataInicio, dataFim, quantidade, unidade, exploracaoAgricolaid) VALUES (1, 'Tremoço Amarelo', 'Temporária', DATE '2020-10-10', DATE '2021-03-30', '1.1', 'ha', '101');
INSERT INTO cultura (id, nome, tipo, dataInicio, dataFim, quantidade, unidade, exploracaoAgricolaid) VALUES (2, 'Milho Doce Golden Bantam', 'Temporária', DATE '2021-04-10', DATE '2021-08-12', '0.9', 'ha', '101');
INSERT INTO cultura (id, nome, tipo, dataInicio, dataFim, quantidade, unidade, exploracaoAgricolaid) VALUES (3, 'Tremoço Amarelo', 'Temporária', DATE '2021-10-03', DATE '2022-04-05', '1.1', 'ha', '101');
INSERT INTO cultura (id, nome, tipo, dataInicio, dataFim, quantidade, unidade, exploracaoAgricolaid) VALUES (4, 'Milho Doce Golden Bantam', 'Temporária', DATE '2022-04-15', DATE '2022-08-21', '0.9', 'ha', '101');
INSERT INTO cultura (id, nome, tipo, dataInicio, dataFim, quantidade, unidade, exploracaoAgricolaid) VALUES (5, 'Milho MAS 24.C', 'Temporária', DATE '2020-04-05', DATE '2020-08-20', '1.2', 'ha', '103');
INSERT INTO cultura (id, nome, tipo, dataInicio, dataFim, quantidade, unidade, exploracaoAgricolaid) VALUES (6, 'Tremoço Amarelo', 'Temporária', DATE '2020-10-12', DATE '2021-03-15', '1.3', 'ha', '103');
INSERT INTO cultura (id, nome, tipo, dataInicio, dataFim, quantidade, unidade, exploracaoAgricolaid) VALUES (7, 'Milho MAS 24.C', 'Temporária', DATE '2021-04-03', DATE '2021-08-25', '1.2', 'ha', '103');
INSERT INTO cultura (id, nome, tipo, dataInicio, dataFim, quantidade, unidade, exploracaoAgricolaid) VALUES (8, 'Tremoço Amarelo', 'Temporária', DATE '2021-10-06', DATE '2022-03-19', '1.3', 'ha', '103');
INSERT INTO cultura (id, nome, tipo, dataInicio, dataFim, quantidade, unidade, exploracaoAgricolaid) VALUES (9, 'Milho MAS 24.C', 'Temporária', DATE '2022-04-08', DATE '2022-08-18', '1.2', 'ha', '103');
INSERT INTO cultura (id, nome, tipo, dataInicio, dataFim, quantidade, unidade, exploracaoAgricolaid) VALUES (10, 'Tremoço Amarelo', 'Temporária', DATE '2022-10-12', DATE '2023-03-20', '1.3', 'ha', '103');
INSERT INTO cultura (id, nome, tipo, dataInicio, dataFim, quantidade, unidade, exploracaoAgricolaid) VALUES (11, 'Oliveira Galega', 'Permanente', DATE '2016-10-06', NULL, '30', 'un', '102');
INSERT INTO cultura (id, nome, tipo, dataInicio, dataFim, quantidade, unidade, exploracaoAgricolaid) VALUES (12, 'Oliveira Picual', 'Permanente', DATE '2016-10-10', NULL, '20', 'un', '102');
INSERT INTO cultura (id, nome, tipo, dataInicio, dataFim, quantidade, unidade, exploracaoAgricolaid) VALUES (13, 'Cenoura Scarlet Nantes', 'Temporária', DATE '2020-03-10', DATE '2020-05-15', '0.15', 'ha', '106');
INSERT INTO cultura (id, nome, tipo, dataInicio, dataFim, quantidade, unidade, exploracaoAgricolaid) VALUES (14, 'Cenoura Nelson Hybrid', 'Temporária', DATE '2020-06-02', DATE '2020-09-08', '0.1', 'ha', '106');
INSERT INTO cultura (id, nome, tipo, dataInicio, dataFim, quantidade, unidade, exploracaoAgricolaid) VALUES (15, 'Nabo S. Cosme', 'Temporária', DATE '2020-09-20', DATE '2021-01-10', '0.2', 'ha', '106');
INSERT INTO cultura (id, nome, tipo, dataInicio, dataFim, quantidade, unidade, exploracaoAgricolaid) VALUES (16, 'Cenoura Sugarsnax Hybrid', 'Temporária', DATE '2021-03-10', DATE '2021-05-15', '0.15', 'ha', '106');
INSERT INTO cultura (id, nome, tipo, dataInicio, dataFim, quantidade, unidade, exploracaoAgricolaid) VALUES (17, 'Cenoura Danvers Half Long', 'Temporária', DATE '2021-06-02', DATE '2021-09-08', '0.1', 'ha', '106');
INSERT INTO cultura (id, nome, tipo, dataInicio, dataFim, quantidade, unidade, exploracaoAgricolaid) VALUES (18, 'Nabo S. Cosme', 'Temporária', DATE '2021-09-20', DATE '2022-01-10', '0.2', 'ha', '106');
INSERT INTO cultura (id, nome, tipo, dataInicio, dataFim, quantidade, unidade, exploracaoAgricolaid) VALUES (19, 'Cenoura Sugarsnax Hybrid', 'Temporária', DATE '2022-03-06', DATE '2022-05-16', '0.15', 'ha', '106');
INSERT INTO cultura (id, nome, tipo, dataInicio, dataFim, quantidade, unidade, exploracaoAgricolaid) VALUES (20, 'Cenoura Nelson Hybrid', 'Temporária', DATE '2022-05-30', DATE '2022-09-05', '0.15', 'ha', '106');
INSERT INTO cultura (id, nome, tipo, dataInicio, dataFim, quantidade, unidade, exploracaoAgricolaid) VALUES (21, 'Nabo greleiro Senhora Conceição', 'Temporária', DATE '2022-09-20', DATE '2023-01-14', '0.25', 'ha', '106');
INSERT INTO cultura (id, nome, tipo, dataInicio, dataFim, quantidade, unidade, exploracaoAgricolaid) VALUES (22, 'Macieira Jonagored', 'Permanente', DATE '2017-01-07', NULL, '90', 'un', '104');
INSERT INTO cultura (id, nome, tipo, dataInicio, dataFim, quantidade, unidade, exploracaoAgricolaid) VALUES (23, 'Macieira Fuji', 'Permanente', DATE '2017-01-08', NULL, '60', 'un', '104');
INSERT INTO cultura (id, nome, tipo, dataInicio, dataFim, quantidade, unidade, exploracaoAgricolaid) VALUES (24, 'Macieira Royal Gala', 'Permanente', DATE '2017-01-08', NULL, '40', 'un', '104');
INSERT INTO cultura (id, nome, tipo, dataInicio, dataFim, quantidade, unidade, exploracaoAgricolaid) VALUES (25, 'Macieira Royal Gala', 'Permanente', DATE '2018-12-10', NULL, '30', 'un', '104');
INSERT INTO cultura (id, nome, tipo, dataInicio, dataFim, quantidade, unidade, exploracaoAgricolaid) VALUES (26, 'Videira Dona Maria', 'Permanente', DATE '2018-01-10', NULL, '500', 'un', '107');
INSERT INTO cultura (id, nome, tipo, dataInicio, dataFim, quantidade, unidade, exploracaoAgricolaid) VALUES (27, 'Videira Cardinal', 'Permanente', DATE '2018-01-11', NULL, '700', 'un', '107');

INSERT INTO operacao (id, tipo, modo, data, quantidade, unidade, exploracaoAgricolaid, culturaId, fatorProducaodesignacao) VALUES (1, 'Plantação', NULL, DATE '2016-10-06', '30', 'un', '102', '11', NULL);	
INSERT INTO operacao (id, tipo, modo, data, quantidade, unidade, exploracaoAgricolaid, culturaId, fatorProducaodesignacao) VALUES (2, 'Plantação', NULL, DATE '2016-10-10', '20', 'un', '102', '12', NULL);	
INSERT INTO operacao (id, tipo, modo, data, quantidade, unidade, exploracaoAgricolaid, culturaId, fatorProducaodesignacao) VALUES (3, 'Plantação', NULL, DATE '2017-01-07', '90', 'un', '104', '22', NULL);	
INSERT INTO operacao (id, tipo, modo, data, quantidade, unidade, exploracaoAgricolaid, culturaId, fatorProducaodesignacao) VALUES (4, 'Plantação', NULL, DATE '2017-01-08', '60', 'un', '104', '23', NULL);	
INSERT INTO operacao (id, tipo, modo, data, quantidade, unidade, exploracaoAgricolaid, culturaId, fatorProducaodesignacao) VALUES (5, 'Plantação', NULL, DATE '2017-01-08', '40', 'un', '104', '24', NULL);	
INSERT INTO operacao (id, tipo, modo, data, quantidade, unidade, exploracaoAgricolaid, culturaId, fatorProducaodesignacao) VALUES (6, 'Rega', NULL, DATE '2017-07-03', '0.4', 'm3', '102', '12', NULL);	
INSERT INTO operacao (id, tipo, modo, data, quantidade, unidade, exploracaoAgricolaid, culturaId, fatorProducaodesignacao) VALUES (7, 'Rega', NULL, DATE '2017-07-03', '0.9', 'm3', '102', '11', NULL);	
INSERT INTO operacao (id, tipo, modo, data, quantidade, unidade, exploracaoAgricolaid, culturaId, fatorProducaodesignacao) VALUES (8, 'Rega', NULL, DATE '2017-08-10', '0.4', 'm3', '102', '12', NULL);	
INSERT INTO operacao (id, tipo, modo, data, quantidade, unidade, exploracaoAgricolaid, culturaId, fatorProducaodesignacao) VALUES (9, 'Rega', NULL, DATE '2017-08-10', '0.9', 'm3', '102', '11', NULL);	
INSERT INTO operacao (id, tipo, modo, data, quantidade, unidade, exploracaoAgricolaid, culturaId, fatorProducaodesignacao) VALUES (10, 'Poda', NULL, DATE '2017-11-04', '30', 'un', '102', '11', NULL);	
INSERT INTO operacao (id, tipo, modo, data, quantidade, unidade, exploracaoAgricolaid, culturaId, fatorProducaodesignacao) VALUES (11, 'Poda', NULL, DATE '2017-11-04', '20', 'un', '102', '12', NULL);	
INSERT INTO operacao (id, tipo, modo, data, quantidade, unidade, exploracaoAgricolaid, culturaId, fatorProducaodesignacao) VALUES (12, 'Fertilização', 'Solo', DATE '2017-12-10', '15', 'kg', '102', '11', 'Patentkali');	
INSERT INTO operacao (id, tipo, modo, data, quantidade, unidade, exploracaoAgricolaid, culturaId, fatorProducaodesignacao) VALUES (13, 'Fertilização', 'Solo', DATE '2017-12-10', '10', 'kg', '102', '12', 'Patentkali');	
INSERT INTO operacao (id, tipo, modo, data, quantidade, unidade, exploracaoAgricolaid, culturaId, fatorProducaodesignacao) VALUES (14, 'Poda', NULL, DATE '2018-01-07', '90', 'un', '104', '22', NULL);	
INSERT INTO operacao (id, tipo, modo, data, quantidade, unidade, exploracaoAgricolaid, culturaId, fatorProducaodesignacao) VALUES (15, 'Poda', NULL, DATE '2018-01-08', '60', 'un', '104', '23', NULL);	
INSERT INTO operacao (id, tipo, modo, data, quantidade, unidade, exploracaoAgricolaid, culturaId, fatorProducaodesignacao) VALUES (16, 'Poda', NULL, DATE '2018-01-08', '40', 'un', '104', '24', NULL);	
INSERT INTO operacao (id, tipo, modo, data, quantidade, unidade, exploracaoAgricolaid, culturaId, fatorProducaodesignacao) VALUES (17, 'Plantação', NULL, DATE '2018-01-10', '500', 'un', '107', '26', NULL);	
INSERT INTO operacao (id, tipo, modo, data, quantidade, unidade, exploracaoAgricolaid, culturaId, fatorProducaodesignacao) VALUES (18, 'Plantação', NULL, DATE '2018-01-11', '700', 'un', '107', '27', NULL);	
INSERT INTO operacao (id, tipo, modo, data, quantidade, unidade, exploracaoAgricolaid, culturaId, fatorProducaodesignacao) VALUES (19, 'Fertilização', 'Solo', DATE '2018-02-06', '10', 'kg', '104', '22', 'ESTA Kieserit');	
INSERT INTO operacao (id, tipo, modo, data, quantidade, unidade, exploracaoAgricolaid, culturaId, fatorProducaodesignacao) VALUES (20, 'Fertilização', 'Solo', DATE '2018-02-06', '6', 'kg', '104', '23', 'ESTA Kieserit');	
INSERT INTO operacao (id, tipo, modo, data, quantidade, unidade, exploracaoAgricolaid, culturaId, fatorProducaodesignacao) VALUES (21, 'Fertilização', 'Solo', DATE '2018-02-06', '5', 'kg', '104', '24', 'ESTA Kieserit');	
INSERT INTO operacao (id, tipo, modo, data, quantidade, unidade, exploracaoAgricolaid, culturaId, fatorProducaodesignacao) VALUES (22, 'Rega', NULL, DATE '2018-07-03', '1', 'm3', '102', '12', NULL);	
INSERT INTO operacao (id, tipo, modo, data, quantidade, unidade, exploracaoAgricolaid, culturaId, fatorProducaodesignacao) VALUES (23, 'Rega', NULL, DATE '2018-07-03', '1.5', 'm3', '102', '11', NULL);	
INSERT INTO operacao (id, tipo, modo, data, quantidade, unidade, exploracaoAgricolaid, culturaId, fatorProducaodesignacao) VALUES (24, 'Rega', NULL, DATE '2018-08-10', '1', 'm3', '102', '12', NULL);	
INSERT INTO operacao (id, tipo, modo, data, quantidade, unidade, exploracaoAgricolaid, culturaId, fatorProducaodesignacao) VALUES (25, 'Rega', NULL, DATE '2018-08-10', '1.5', 'm3', '102', '11', NULL);	
INSERT INTO operacao (id, tipo, modo, data, quantidade, unidade, exploracaoAgricolaid, culturaId, fatorProducaodesignacao) VALUES (26, 'Poda', NULL, DATE '2018-11-17', '30', 'un', '102', '11', NULL);	
INSERT INTO operacao (id, tipo, modo, data, quantidade, unidade, exploracaoAgricolaid, culturaId, fatorProducaodesignacao) VALUES (27, 'Poda', NULL, DATE '2018-11-17', '20', 'un', '102', '12', NULL);	
INSERT INTO operacao (id, tipo, modo, data, quantidade, unidade, exploracaoAgricolaid, culturaId, fatorProducaodesignacao) VALUES (28, 'Plantação', NULL, DATE '2018-12-10', '30', 'un', '104', '24', NULL);	
INSERT INTO operacao (id, tipo, modo, data, quantidade, unidade, exploracaoAgricolaid, culturaId, fatorProducaodesignacao) VALUES (29, 'Poda', NULL, DATE '2018-12-16', '500', 'un', '107', '26', NULL);	
INSERT INTO operacao (id, tipo, modo, data, quantidade, unidade, exploracaoAgricolaid, culturaId, fatorProducaodesignacao) VALUES (30, 'Poda', NULL, DATE '2018-12-18', '700', 'un', '107', '27', NULL);	
INSERT INTO operacao (id, tipo, modo, data, quantidade, unidade, exploracaoAgricolaid, culturaId, fatorProducaodesignacao) VALUES (31, 'Poda', NULL, DATE '2019-01-07', '90', 'un', '104', '22', NULL);	
INSERT INTO operacao (id, tipo, modo, data, quantidade, unidade, exploracaoAgricolaid, culturaId, fatorProducaodesignacao) VALUES (32, 'Poda', NULL, DATE '2019-01-08', '60', 'un', '104', '23', NULL);	
INSERT INTO operacao (id, tipo, modo, data, quantidade, unidade, exploracaoAgricolaid, culturaId, fatorProducaodesignacao) VALUES (33, 'Poda', NULL, DATE '2019-01-08', '40', 'un', '104', '24', NULL);	
INSERT INTO operacao (id, tipo, modo, data, quantidade, unidade, exploracaoAgricolaid, culturaId, fatorProducaodesignacao) VALUES (34, 'Aplicação fitofármaco', NULL, DATE '2019-01-20', '2', 'kg', '107', '26', 'Calda Bordalesa ASCENZA');	
INSERT INTO operacao (id, tipo, modo, data, quantidade, unidade, exploracaoAgricolaid, culturaId, fatorProducaodesignacao) VALUES (35, 'Aplicação fitofármaco', NULL, DATE '2019-01-20', '2.5', 'kg', '107', '27', 'Calda Bordalesa ASCENZA');	
INSERT INTO operacao (id, tipo, modo, data, quantidade, unidade, exploracaoAgricolaid, culturaId, fatorProducaodesignacao) VALUES (36, 'Fertilização', 'Solo', DATE '2019-02-06', '10', 'kg', '104', '22', 'ESTA Kieserit');	
INSERT INTO operacao (id, tipo, modo, data, quantidade, unidade, exploracaoAgricolaid, culturaId, fatorProducaodesignacao) VALUES (37, 'Fertilização', 'Solo', DATE '2019-02-06', '5', 'kg', '104', '23', 'ESTA Kieserit');	
INSERT INTO operacao (id, tipo, modo, data, quantidade, unidade, exploracaoAgricolaid, culturaId, fatorProducaodesignacao) VALUES (38, 'Fertilização', 'Solo', DATE '2019-02-06', '7', 'kg', '104', '24', 'ESTA Kieserit');	
INSERT INTO operacao (id, tipo, modo, data, quantidade, unidade, exploracaoAgricolaid, culturaId, fatorProducaodesignacao) VALUES (39, 'Rega', NULL, DATE '2019-07-03', '1', 'm3', '102', '12', NULL);	
INSERT INTO operacao (id, tipo, modo, data, quantidade, unidade, exploracaoAgricolaid, culturaId, fatorProducaodesignacao) VALUES (40, 'Rega', NULL, DATE '2019-07-03', '1.5', 'm3', '102', '11', NULL);	
INSERT INTO operacao (id, tipo, modo, data, quantidade, unidade, exploracaoAgricolaid, culturaId, fatorProducaodesignacao) VALUES (41, 'Rega', NULL, DATE '2019-08-10', '1', 'm3', '102', '12', NULL);	
INSERT INTO operacao (id, tipo, modo, data, quantidade, unidade, exploracaoAgricolaid, culturaId, fatorProducaodesignacao) VALUES (42, 'Rega', NULL, DATE '2019-08-10', '1.5', 'm3', '102', '11', NULL);	
INSERT INTO operacao (id, tipo, modo, data, quantidade, unidade, exploracaoAgricolaid, culturaId, fatorProducaodesignacao) VALUES (43, 'Poda', NULL, DATE '2019-11-15', '30', 'un', '102', '11', NULL);	
INSERT INTO operacao (id, tipo, modo, data, quantidade, unidade, exploracaoAgricolaid, culturaId, fatorProducaodesignacao) VALUES (44, 'Poda', NULL, DATE '2019-11-15', '20', 'un', '102', '12', NULL);	
INSERT INTO operacao (id, tipo, modo, data, quantidade, unidade, exploracaoAgricolaid, culturaId, fatorProducaodesignacao) VALUES (45, 'Poda', NULL, DATE '2019-12-16', '500', 'un', '107', '26', NULL);	
INSERT INTO operacao (id, tipo, modo, data, quantidade, unidade, exploracaoAgricolaid, culturaId, fatorProducaodesignacao) VALUES (46, 'Poda', NULL, DATE '2019-12-18', '700', 'un', '107', '27', NULL);	
INSERT INTO operacao (id, tipo, modo, data, quantidade, unidade, exploracaoAgricolaid, culturaId, fatorProducaodesignacao) VALUES (47, 'Aplicação fitofármaco', NULL, DATE '2020-01-20', '2', 'kg', '107', '26', 'Calda Bordalesa ASCENZA');	
INSERT INTO operacao (id, tipo, modo, data, quantidade, unidade, exploracaoAgricolaid, culturaId, fatorProducaodesignacao) VALUES (48, 'Aplicação fitofármaco', NULL, DATE '2020-01-20', '2.5', 'kg', '107', '27', 'Calda Bordalesa ASCENZA');	
INSERT INTO operacao (id, tipo, modo, data, quantidade, unidade, exploracaoAgricolaid, culturaId, fatorProducaodesignacao) VALUES (49, 'Sementeira', NULL, DATE '2020-03-12', '0.9', 'kg', '106', '13', NULL);	
INSERT INTO operacao (id, tipo, modo, data, quantidade, unidade, exploracaoAgricolaid, culturaId, fatorProducaodesignacao) VALUES (50, 'Sementeira', NULL, DATE '2020-04-05', '1.2', 'ha', '103', '5', NULL);	
INSERT INTO operacao (id, tipo, modo, data, quantidade, unidade, exploracaoAgricolaid, culturaId, fatorProducaodesignacao) VALUES (51, 'Colheita', NULL, DATE '2020-05-05', '2200', 'kg', '106', '13', NULL);	
INSERT INTO operacao (id, tipo, modo, data, quantidade, unidade, exploracaoAgricolaid, culturaId, fatorProducaodesignacao) VALUES (52, 'Colheita', NULL, DATE '2020-05-15', '1400', 'kg', '106', '13', NULL);	
INSERT INTO operacao (id, tipo, modo, data, quantidade, unidade, exploracaoAgricolaid, culturaId, fatorProducaodesignacao) VALUES (53, 'Sementeira', NULL, DATE '2020-06-02', '0.6', 'kg', '106', '14', NULL);	
INSERT INTO operacao (id, tipo, modo, data, quantidade, unidade, exploracaoAgricolaid, culturaId, fatorProducaodesignacao) VALUES (54, 'Rega', NULL, DATE '2020-07-03', '1', 'm3', '102', '12', NULL);	
INSERT INTO operacao (id, tipo, modo, data, quantidade, unidade, exploracaoAgricolaid, culturaId, fatorProducaodesignacao) VALUES (55, 'Rega', NULL, DATE '2020-07-03', '1.5', 'm3', '102', '11', NULL);	
INSERT INTO operacao (id, tipo, modo, data, quantidade, unidade, exploracaoAgricolaid, culturaId, fatorProducaodesignacao) VALUES (56, 'Rega', NULL, DATE '2020-07-12', '15', 'm3', '103', '5', NULL);	
INSERT INTO operacao (id, tipo, modo, data, quantidade, unidade, exploracaoAgricolaid, culturaId, fatorProducaodesignacao) VALUES (57, 'Rega', NULL, DATE '2020-07-15', '2.5', 'm3', '106', '14', NULL);	
INSERT INTO operacao (id, tipo, modo, data, quantidade, unidade, exploracaoAgricolaid, culturaId, fatorProducaodesignacao) VALUES (58, 'Rega', NULL, DATE '2020-07-28', '15', 'm3', '103', '5', NULL);	
INSERT INTO operacao (id, tipo, modo, data, quantidade, unidade, exploracaoAgricolaid, culturaId, fatorProducaodesignacao) VALUES (59, 'Rega', NULL, DATE '2020-08-10', '1', 'm3', '102', '12', NULL);	
INSERT INTO operacao (id, tipo, modo, data, quantidade, unidade, exploracaoAgricolaid, culturaId, fatorProducaodesignacao) VALUES (60, 'Rega', NULL, DATE '2020-08-10', '1.5', 'm3', '102', '11', NULL);	
INSERT INTO operacao (id, tipo, modo, data, quantidade, unidade, exploracaoAgricolaid, culturaId, fatorProducaodesignacao) VALUES (61, 'Rega', NULL, DATE '2020-08-10', '15', 'm3', '103', '5', NULL);	
INSERT INTO operacao (id, tipo, modo, data, quantidade, unidade, exploracaoAgricolaid, culturaId, fatorProducaodesignacao) VALUES (62, 'Rega', NULL, DATE '2020-08-12', '3.5', 'm3', '106', '14', NULL);	
INSERT INTO operacao (id, tipo, modo, data, quantidade, unidade, exploracaoAgricolaid, culturaId, fatorProducaodesignacao) VALUES (63, 'Colheita', NULL, DATE '2020-08-20', '3300', 'kg', '103', '5', NULL);	
INSERT INTO operacao (id, tipo, modo, data, quantidade, unidade, exploracaoAgricolaid, culturaId, fatorProducaodesignacao) VALUES (64, 'Colheita', NULL, DATE '2020-08-28', '600', 'kg', '106', '14', NULL);	
INSERT INTO operacao (id, tipo, modo, data, quantidade, unidade, exploracaoAgricolaid, culturaId, fatorProducaodesignacao) VALUES (65, 'Colheita', NULL, DATE '2020-09-07', '1800', 'kg', '106', '14', NULL);	
INSERT INTO operacao (id, tipo, modo, data, quantidade, unidade, exploracaoAgricolaid, culturaId, fatorProducaodesignacao) VALUES (66, 'Sementeira', NULL, DATE '2020-09-20', '0.6', 'kg', '106', '15', NULL);	
INSERT INTO operacao (id, tipo, modo, data, quantidade, unidade, exploracaoAgricolaid, culturaId, fatorProducaodesignacao) VALUES (67, 'Sementeira', NULL, DATE '2020-10-10', '36', 'kg', '101', '1', NULL);	
INSERT INTO operacao (id, tipo, modo, data, quantidade, unidade, exploracaoAgricolaid, culturaId, fatorProducaodesignacao) VALUES (68, 'Sementeira', NULL, DATE '2020-10-12', '1.3', 'ha', '103', '6', NULL);	
INSERT INTO operacao (id, tipo, modo, data, quantidade, unidade, exploracaoAgricolaid, culturaId, fatorProducaodesignacao) VALUES (69, 'Poda', NULL, DATE '2020-11-10', '30', 'un', '102', '11', NULL);	
INSERT INTO operacao (id, tipo, modo, data, quantidade, unidade, exploracaoAgricolaid, culturaId, fatorProducaodesignacao) VALUES (70, 'Poda', NULL, DATE '2020-11-10', '20', 'un', '102', '12', NULL);	
INSERT INTO operacao (id, tipo, modo, data, quantidade, unidade, exploracaoAgricolaid, culturaId, fatorProducaodesignacao) VALUES (71, 'Colheita', NULL, DATE '2020-11-15', '600', 'kg', '106', '15', NULL);	
INSERT INTO operacao (id, tipo, modo, data, quantidade, unidade, exploracaoAgricolaid, culturaId, fatorProducaodesignacao) VALUES (72, 'Poda', NULL, DATE '2020-12-05', '70', 'un', '104', '24', NULL);	
INSERT INTO operacao (id, tipo, modo, data, quantidade, unidade, exploracaoAgricolaid, culturaId, fatorProducaodesignacao) VALUES (73, 'Poda', NULL, DATE '2020-12-05', '50', 'un', '104', '22', NULL);	
INSERT INTO operacao (id, tipo, modo, data, quantidade, unidade, exploracaoAgricolaid, culturaId, fatorProducaodesignacao) VALUES (74, 'Fertilização', 'Solo', DATE '2020-12-10', '10', 'kg', '102', '11', 'Patentkali');	
INSERT INTO operacao (id, tipo, modo, data, quantidade, unidade, exploracaoAgricolaid, culturaId, fatorProducaodesignacao) VALUES (75, 'Fertilização', 'Solo', DATE '2020-12-10', '7', 'kg', '102', '12', 'Patentkali');	
INSERT INTO operacao (id, tipo, modo, data, quantidade, unidade, exploracaoAgricolaid, culturaId, fatorProducaodesignacao) VALUES (76, 'Poda', NULL, DATE '2020-12-15', '40', 'un', '104', '22', NULL);	
INSERT INTO operacao (id, tipo, modo, data, quantidade, unidade, exploracaoAgricolaid, culturaId, fatorProducaodesignacao) VALUES (77, 'Poda', NULL, DATE '2020-12-15', '60', 'un', '104', '23', NULL);	
INSERT INTO operacao (id, tipo, modo, data, quantidade, unidade, exploracaoAgricolaid, culturaId, fatorProducaodesignacao) VALUES (78, 'Poda', NULL, DATE '2020-12-16', '500', 'un', '107', '26', NULL);	
INSERT INTO operacao (id, tipo, modo, data, quantidade, unidade, exploracaoAgricolaid, culturaId, fatorProducaodesignacao) VALUES (79, 'Colheita', NULL, DATE '2020-12-18', '2500', 'kg', '106', '15', NULL);	
INSERT INTO operacao (id, tipo, modo, data, quantidade, unidade, exploracaoAgricolaid, culturaId, fatorProducaodesignacao) VALUES (80, 'Poda', NULL, DATE '2020-12-18', '700', 'un', '107', '27', NULL);	
INSERT INTO operacao (id, tipo, modo, data, quantidade, unidade, exploracaoAgricolaid, culturaId, fatorProducaodesignacao) VALUES (81, 'Colheita', NULL, DATE '2021-01-04', '2900', 'kg', '106', '15', NULL);	
INSERT INTO operacao (id, tipo, modo, data, quantidade, unidade, exploracaoAgricolaid, culturaId, fatorProducaodesignacao) VALUES (82, 'Aplicação fitofármaco', NULL, DATE '2021-01-20', '2', 'kg', '107', '26', 'Calda Bordalesa ASCENZA');	
INSERT INTO operacao (id, tipo, modo, data, quantidade, unidade, exploracaoAgricolaid, culturaId, fatorProducaodesignacao) VALUES (83, 'Aplicação fitofármaco', NULL, DATE '2021-01-20', '2.5', 'kg', '107', '27', 'Calda Bordalesa ASCENZA');	
INSERT INTO operacao (id, tipo, modo, data, quantidade, unidade, exploracaoAgricolaid, culturaId, fatorProducaodesignacao) VALUES (84, 'Sementeira', NULL, DATE '2021-03-10', '0.9', 'kg', '106', '16', NULL);	
INSERT INTO operacao (id, tipo, modo, data, quantidade, unidade, exploracaoAgricolaid, culturaId, fatorProducaodesignacao) VALUES (85, 'Incorporação no solo', NULL, DATE '2021-03-14', '1.3', 'ha', '103', '6', NULL);	
INSERT INTO operacao (id, tipo, modo, data, quantidade, unidade, exploracaoAgricolaid, culturaId, fatorProducaodesignacao) VALUES (86, 'Incorporação no solo', NULL, DATE '2021-03-30', '1.3', 'ha', '101', '1', NULL);	
INSERT INTO operacao (id, tipo, modo, data, quantidade, unidade, exploracaoAgricolaid, culturaId, fatorProducaodesignacao) VALUES (87, 'Sementeira', NULL, DATE '2021-04-03', '1.2', 'ha', '103', '7', NULL);	
INSERT INTO operacao (id, tipo, modo, data, quantidade, unidade, exploracaoAgricolaid, culturaId, fatorProducaodesignacao) VALUES (88, 'Sementeira', NULL, DATE '2021-04-15', '30', 'kg', '101', '2', NULL);	
INSERT INTO operacao (id, tipo, modo, data, quantidade, unidade, exploracaoAgricolaid, culturaId, fatorProducaodesignacao) VALUES (89, 'Colheita', NULL, DATE '2021-05-05', '2200', 'kg', '106', '16', NULL);	
INSERT INTO operacao (id, tipo, modo, data, quantidade, unidade, exploracaoAgricolaid, culturaId, fatorProducaodesignacao) VALUES (90, 'Colheita', NULL, DATE '2021-05-15', '1400', 'kg', '106', '16', NULL);	
INSERT INTO operacao (id, tipo, modo, data, quantidade, unidade, exploracaoAgricolaid, culturaId, fatorProducaodesignacao) VALUES (91, 'Sementeira', NULL, DATE '2021-06-02', '0.6', 'kg', '106', '17', NULL);	
INSERT INTO operacao (id, tipo, modo, data, quantidade, unidade, exploracaoAgricolaid, culturaId, fatorProducaodesignacao) VALUES (92, 'Rega', NULL, DATE '2021-06-20', '3', 'm3', '106', '17', NULL);	
INSERT INTO operacao (id, tipo, modo, data, quantidade, unidade, exploracaoAgricolaid, culturaId, fatorProducaodesignacao) VALUES (93, 'Rega', NULL, DATE '2021-07-03', '0.8', 'm3', '102', '12', NULL);	
INSERT INTO operacao (id, tipo, modo, data, quantidade, unidade, exploracaoAgricolaid, culturaId, fatorProducaodesignacao) VALUES (94, 'Rega', NULL, DATE '2021-07-03', '1.5', 'm3', '102', '11', NULL);	
INSERT INTO operacao (id, tipo, modo, data, quantidade, unidade, exploracaoAgricolaid, culturaId, fatorProducaodesignacao) VALUES (95, 'Rega', NULL, DATE '2021-07-07', '3', 'm3', '106', '17', NULL);	
INSERT INTO operacao (id, tipo, modo, data, quantidade, unidade, exploracaoAgricolaid, culturaId, fatorProducaodesignacao) VALUES (96, 'Rega', NULL, DATE '2021-07-12', '15', 'm3', '103', '7', NULL);	
INSERT INTO operacao (id, tipo, modo, data, quantidade, unidade, exploracaoAgricolaid, culturaId, fatorProducaodesignacao) VALUES (97, 'Colheita', NULL, DATE '2021-07-15', '300', 'kg', '107', '26', NULL);	
INSERT INTO operacao (id, tipo, modo, data, quantidade, unidade, exploracaoAgricolaid, culturaId, fatorProducaodesignacao) VALUES (98, 'Colheita', NULL, DATE '2021-07-20', '400', 'kg', '107', '26', NULL);	
INSERT INTO operacao (id, tipo, modo, data, quantidade, unidade, exploracaoAgricolaid, culturaId, fatorProducaodesignacao) VALUES (99, 'Rega', NULL, DATE '2021-07-24', '15', 'm3', '103', '7', NULL);	
INSERT INTO operacao (id, tipo, modo, data, quantidade, unidade, exploracaoAgricolaid, culturaId, fatorProducaodesignacao) VALUES (100, 'Rega', NULL, DATE '2021-07-30', '3.5', 'm3', '106', '17', NULL);	
INSERT INTO operacao (id, tipo, modo, data, quantidade, unidade, exploracaoAgricolaid, culturaId, fatorProducaodesignacao) VALUES (101, 'Rega', NULL, DATE '2021-08-07', '15', 'm3', '103', '7', NULL);	
INSERT INTO operacao (id, tipo, modo, data, quantidade, unidade, exploracaoAgricolaid, culturaId, fatorProducaodesignacao) VALUES (102, 'Rega', NULL, DATE '2021-08-10', '0.8', 'm3', '102', '12', NULL);	
INSERT INTO operacao (id, tipo, modo, data, quantidade, unidade, exploracaoAgricolaid, culturaId, fatorProducaodesignacao) VALUES (103, 'Rega', NULL, DATE '2021-08-10', '1.5', 'm3', '102', '11', NULL);	
INSERT INTO operacao (id, tipo, modo, data, quantidade, unidade, exploracaoAgricolaid, culturaId, fatorProducaodesignacao) VALUES (104, 'Colheita', NULL, DATE '2021-08-12', '3300', 'kg', '101', '2', NULL);	
INSERT INTO operacao (id, tipo, modo, data, quantidade, unidade, exploracaoAgricolaid, culturaId, fatorProducaodesignacao) VALUES (105, 'Rega', NULL, DATE '2021-08-17', '3', 'm3', '106', '17', NULL);	
INSERT INTO operacao (id, tipo, modo, data, quantidade, unidade, exploracaoAgricolaid, culturaId, fatorProducaodesignacao) VALUES (106, 'Colheita', NULL, DATE '2021-08-24', '900', 'kg', '104', '24', NULL);	
INSERT INTO operacao (id, tipo, modo, data, quantidade, unidade, exploracaoAgricolaid, culturaId, fatorProducaodesignacao) VALUES (107, 'Colheita', NULL, DATE '2021-08-25', '3300', 'kg', '103', '7', NULL);	
INSERT INTO operacao (id, tipo, modo, data, quantidade, unidade, exploracaoAgricolaid, culturaId, fatorProducaodesignacao) VALUES (108, 'Colheita', NULL, DATE '2021-08-28', '600', 'kg', '106', '17', NULL);	
INSERT INTO operacao (id, tipo, modo, data, quantidade, unidade, exploracaoAgricolaid, culturaId, fatorProducaodesignacao) VALUES (109, 'Colheita', NULL, DATE '2021-09-05', '800', 'kg', '104', '24', NULL);	
INSERT INTO operacao (id, tipo, modo, data, quantidade, unidade, exploracaoAgricolaid, culturaId, fatorProducaodesignacao) VALUES (110, 'Colheita', NULL, DATE '2021-09-07', '1800', 'kg', '106', '17', NULL);	
INSERT INTO operacao (id, tipo, modo, data, quantidade, unidade, exploracaoAgricolaid, culturaId, fatorProducaodesignacao) VALUES (111, 'Colheita', NULL, DATE '2021-09-12', '800', 'kg', '104', '22', NULL);	
INSERT INTO operacao (id, tipo, modo, data, quantidade, unidade, exploracaoAgricolaid, culturaId, fatorProducaodesignacao) VALUES (112, 'Sementeira', NULL, DATE '2021-09-20', '0.6', 'kg', '106', '18', NULL);	
INSERT INTO operacao (id, tipo, modo, data, quantidade, unidade, exploracaoAgricolaid, culturaId, fatorProducaodesignacao) VALUES (113, 'Colheita', NULL, DATE '2021-09-23', '1200', 'kg', '104', '22', NULL);	
INSERT INTO operacao (id, tipo, modo, data, quantidade, unidade, exploracaoAgricolaid, culturaId, fatorProducaodesignacao) VALUES (114, 'Sementeira', NULL, DATE '2021-10-03', '36', NULL, '101', '3', NULL);	
INSERT INTO operacao (id, tipo, modo, data, quantidade, unidade, exploracaoAgricolaid, culturaId, fatorProducaodesignacao) VALUES (115, 'Sementeira', NULL, DATE '2021-10-06', '1.3', 'ha', '103', '8', NULL);	
INSERT INTO operacao (id, tipo, modo, data, quantidade, unidade, exploracaoAgricolaid, culturaId, fatorProducaodesignacao) VALUES (116, 'Colheita', NULL, DATE '2021-10-12', '950', 'kg', '104', '23', NULL);	
INSERT INTO operacao (id, tipo, modo, data, quantidade, unidade, exploracaoAgricolaid, culturaId, fatorProducaodesignacao) VALUES (117, 'Colheita', NULL, DATE '2021-11-03', '750', 'kg', '104', '23', NULL);	
INSERT INTO operacao (id, tipo, modo, data, quantidade, unidade, exploracaoAgricolaid, culturaId, fatorProducaodesignacao) VALUES (118, 'Colheita', NULL, DATE '2021-11-10', '210', 'kg', '102', '11', NULL);	
INSERT INTO operacao (id, tipo, modo, data, quantidade, unidade, exploracaoAgricolaid, culturaId, fatorProducaodesignacao) VALUES (119, 'Colheita', NULL, DATE '2021-11-10', '120', 'kg', '102', '12', NULL);	
INSERT INTO operacao (id, tipo, modo, data, quantidade, unidade, exploracaoAgricolaid, culturaId, fatorProducaodesignacao) VALUES (120, 'Colheita', NULL, DATE '2021-11-15', '600', 'kg', '106', '18', NULL);	
INSERT INTO operacao (id, tipo, modo, data, quantidade, unidade, exploracaoAgricolaid, culturaId, fatorProducaodesignacao) VALUES (121, 'Poda', NULL, DATE '2021-11-17', '30', 'un', '102', '11', NULL);	
INSERT INTO operacao (id, tipo, modo, data, quantidade, unidade, exploracaoAgricolaid, culturaId, fatorProducaodesignacao) VALUES (122, 'Poda', NULL, DATE '2021-11-17', '20', 'un', '102', '12', NULL);	
INSERT INTO operacao (id, tipo, modo, data, quantidade, unidade, exploracaoAgricolaid, culturaId, fatorProducaodesignacao) VALUES (123, 'Poda', NULL, DATE '2021-11-28', '70', 'un', '104', '24', NULL);	
INSERT INTO operacao (id, tipo, modo, data, quantidade, unidade, exploracaoAgricolaid, culturaId, fatorProducaodesignacao) VALUES (124, 'Poda', NULL, DATE '2021-12-03', '90', 'un', '104', '22', NULL);	
INSERT INTO operacao (id, tipo, modo, data, quantidade, unidade, exploracaoAgricolaid, culturaId, fatorProducaodesignacao) VALUES (125, 'Poda', NULL, DATE '2021-12-16', '500', 'un', '107', '26', NULL);	
INSERT INTO operacao (id, tipo, modo, data, quantidade, unidade, exploracaoAgricolaid, culturaId, fatorProducaodesignacao) VALUES (126, 'Poda', NULL, DATE '2021-12-18', '60', 'un', '104', '23', NULL);	
INSERT INTO operacao (id, tipo, modo, data, quantidade, unidade, exploracaoAgricolaid, culturaId, fatorProducaodesignacao) VALUES (127, 'Colheita', NULL, DATE '2021-12-18', '2500', 'kg', '106', '18', NULL);	
INSERT INTO operacao (id, tipo, modo, data, quantidade, unidade, exploracaoAgricolaid, culturaId, fatorProducaodesignacao) VALUES (128, 'Poda', NULL, DATE '2021-12-18', '700', 'un', '107', '27', NULL);	
INSERT INTO operacao (id, tipo, modo, data, quantidade, unidade, exploracaoAgricolaid, culturaId, fatorProducaodesignacao) VALUES (129, 'Colheita', NULL, DATE '2022-01-04', '2900', 'kg', '106', '18', NULL);	
INSERT INTO operacao (id, tipo, modo, data, quantidade, unidade, exploracaoAgricolaid, culturaId, fatorProducaodesignacao) VALUES (130, 'Aplicação fitofármaco', NULL, DATE '2022-01-20', '3', 'kg', '107', '26', 'Calda Bordalesa ASCENZA');	
INSERT INTO operacao (id, tipo, modo, data, quantidade, unidade, exploracaoAgricolaid, culturaId, fatorProducaodesignacao) VALUES (131, 'Aplicação fitofármaco', NULL, DATE '2022-01-20', '3.5', 'kg', '107', '27', 'Calda Bordalesa ASCENZA');	
INSERT INTO operacao (id, tipo, modo, data, quantidade, unidade, exploracaoAgricolaid, culturaId, fatorProducaodesignacao) VALUES (132, 'Sementeira', NULL, DATE '2022-03-06', '0.9', 'kg', '106', '16', NULL);	
INSERT INTO operacao (id, tipo, modo, data, quantidade, unidade, exploracaoAgricolaid, culturaId, fatorProducaodesignacao) VALUES (133, 'Incorporação no solo', NULL, DATE '2022-03-19', '1.3', 'ha', '103', '8', NULL);	
INSERT INTO operacao (id, tipo, modo, data, quantidade, unidade, exploracaoAgricolaid, culturaId, fatorProducaodesignacao) VALUES (134, 'Incorporação no solo', NULL, DATE '2022-04-05', '1.3', 'ha', '101', '3', NULL);	
INSERT INTO operacao (id, tipo, modo, data, quantidade, unidade, exploracaoAgricolaid, culturaId, fatorProducaodesignacao) VALUES (135, 'Sementeira', NULL, DATE '2022-04-08', '1.2', 'ha', '103', '9', NULL);	
INSERT INTO operacao (id, tipo, modo, data, quantidade, unidade, exploracaoAgricolaid, culturaId, fatorProducaodesignacao) VALUES (136, 'Sementeira', NULL, DATE '2022-04-15', '30', 'kg', '101', '4', NULL);	
INSERT INTO operacao (id, tipo, modo, data, quantidade, unidade, exploracaoAgricolaid, culturaId, fatorProducaodesignacao) VALUES (137, 'Colheita', NULL, DATE '2022-05-05', '2250', 'kg', '106', '16', NULL);	
INSERT INTO operacao (id, tipo, modo, data, quantidade, unidade, exploracaoAgricolaid, culturaId, fatorProducaodesignacao) VALUES (138, 'Colheita', NULL, DATE '2022-05-15', '1300', 'kg', '106', '16', NULL);	
INSERT INTO operacao (id, tipo, modo, data, quantidade, unidade, exploracaoAgricolaid, culturaId, fatorProducaodesignacao) VALUES (139, 'Sementeira', NULL, DATE '2022-05-30', '0.6', 'kg', '106', '14', NULL);	
INSERT INTO operacao (id, tipo, modo, data, quantidade, unidade, exploracaoAgricolaid, culturaId, fatorProducaodesignacao) VALUES (140, 'Rega', NULL, DATE '2022-06-30', '3', 'm3', '106', '14', NULL);	
INSERT INTO operacao (id, tipo, modo, data, quantidade, unidade, exploracaoAgricolaid, culturaId, fatorProducaodesignacao) VALUES (141, 'Rega', NULL, DATE '2022-07-03', '0.8', 'm3', '102', '12', NULL);	
INSERT INTO operacao (id, tipo, modo, data, quantidade, unidade, exploracaoAgricolaid, culturaId, fatorProducaodesignacao) VALUES (142, 'Rega', NULL, DATE '2022-07-03', '1.5', 'm3', '102', '11', NULL);	
INSERT INTO operacao (id, tipo, modo, data, quantidade, unidade, exploracaoAgricolaid, culturaId, fatorProducaodesignacao) VALUES (143, 'Rega', NULL, DATE '2022-07-10', '5', 'm3', '107', '27', NULL);	
INSERT INTO operacao (id, tipo, modo, data, quantidade, unidade, exploracaoAgricolaid, culturaId, fatorProducaodesignacao) VALUES (144, 'Rega', NULL, DATE '2022-07-12', '15', 'm3', '103', '9', NULL);	
INSERT INTO operacao (id, tipo, modo, data, quantidade, unidade, exploracaoAgricolaid, culturaId, fatorProducaodesignacao) VALUES (145, 'Rega', NULL, DATE '2022-07-15', '3', 'm3', '106', '14', NULL);	
INSERT INTO operacao (id, tipo, modo, data, quantidade, unidade, exploracaoAgricolaid, culturaId, fatorProducaodesignacao) VALUES (146, 'Colheita', NULL, DATE '2022-07-15', '600', 'kg', '107', '26', NULL);	
INSERT INTO operacao (id, tipo, modo, data, quantidade, unidade, exploracaoAgricolaid, culturaId, fatorProducaodesignacao) VALUES (147, 'Colheita', NULL, DATE '2022-07-20', '500', 'kg', '107', '26', NULL);	
INSERT INTO operacao (id, tipo, modo, data, quantidade, unidade, exploracaoAgricolaid, culturaId, fatorProducaodesignacao) VALUES (148, 'Rega', NULL, DATE '2022-07-24', '15', 'm3', '103', '9', NULL);	
INSERT INTO operacao (id, tipo, modo, data, quantidade, unidade, exploracaoAgricolaid, culturaId, fatorProducaodesignacao) VALUES (149, 'Rega', NULL, DATE '2022-07-30', '2.5', 'm3', '106', '14', NULL);	
INSERT INTO operacao (id, tipo, modo, data, quantidade, unidade, exploracaoAgricolaid, culturaId, fatorProducaodesignacao) VALUES (150, 'Rega', NULL, DATE '2022-08-07', '15', 'm3', '103', '9', NULL);	
INSERT INTO operacao (id, tipo, modo, data, quantidade, unidade, exploracaoAgricolaid, culturaId, fatorProducaodesignacao) VALUES (151, 'Rega', NULL, DATE '2022-08-10', '0.8', 'm3', '102', '12', NULL);	
INSERT INTO operacao (id, tipo, modo, data, quantidade, unidade, exploracaoAgricolaid, culturaId, fatorProducaodesignacao) VALUES (152, 'Rega', NULL, DATE '2022-08-10', '1.5', 'm3', '102', '11', NULL);	
INSERT INTO operacao (id, tipo, modo, data, quantidade, unidade, exploracaoAgricolaid, culturaId, fatorProducaodesignacao) VALUES (153, 'Colheita', NULL, DATE '2022-08-12', '1200', 'kg', '107', '27', NULL);	
INSERT INTO operacao (id, tipo, modo, data, quantidade, unidade, exploracaoAgricolaid, culturaId, fatorProducaodesignacao) VALUES (154, 'Colheita', NULL, DATE '2022-08-12', '600', 'kg', '107', '27', NULL);	
INSERT INTO operacao (id, tipo, modo, data, quantidade, unidade, exploracaoAgricolaid, culturaId, fatorProducaodesignacao) VALUES (155, 'Colheita', NULL, DATE '2022-08-17', '3500', 'kg', '101', '4', NULL);	
INSERT INTO operacao (id, tipo, modo, data, quantidade, unidade, exploracaoAgricolaid, culturaId, fatorProducaodesignacao) VALUES (156, 'Rega', NULL, DATE '2022-08-17', '3', 'm3', '106', '14', NULL);	
INSERT INTO operacao (id, tipo, modo, data, quantidade, unidade, exploracaoAgricolaid, culturaId, fatorProducaodesignacao) VALUES (157, 'Colheita', NULL, DATE '2022-08-18', '3300', 'kg', '103', '9', NULL);	
INSERT INTO operacao (id, tipo, modo, data, quantidade, unidade, exploracaoAgricolaid, culturaId, fatorProducaodesignacao) VALUES (158, 'Colheita', NULL, DATE '2022-08-20', '950', 'kg', '104', '24', NULL);	
INSERT INTO operacao (id, tipo, modo, data, quantidade, unidade, exploracaoAgricolaid, culturaId, fatorProducaodesignacao) VALUES (159, 'Colheita', NULL, DATE '2022-08-24', '650', 'kg', '106', '14', NULL);	
INSERT INTO operacao (id, tipo, modo, data, quantidade, unidade, exploracaoAgricolaid, culturaId, fatorProducaodesignacao) VALUES (160, 'Colheita', NULL, DATE '2022-09-05', '1900', 'kg', '106', '14', NULL);	
INSERT INTO operacao (id, tipo, modo, data, quantidade, unidade, exploracaoAgricolaid, culturaId, fatorProducaodesignacao) VALUES (161, 'Colheita', NULL, DATE '2022-09-07', '830', 'kg', '104', '24', NULL);	
INSERT INTO operacao (id, tipo, modo, data, quantidade, unidade, exploracaoAgricolaid, culturaId, fatorProducaodesignacao) VALUES (162, 'Colheita', NULL, DATE '2022-09-11', '750', 'kg', '104', '22', NULL);	
INSERT INTO operacao (id, tipo, modo, data, quantidade, unidade, exploracaoAgricolaid, culturaId, fatorProducaodesignacao) VALUES (163, 'Colheita', NULL, DATE '2022-09-20', '1150', 'kg', '104', '22', NULL);	
INSERT INTO operacao (id, tipo, modo, data, quantidade, unidade, exploracaoAgricolaid, culturaId, fatorProducaodesignacao) VALUES (164, 'Sementeira', NULL, DATE '2022-09-20', '0.6', 'kg', '106', '21', NULL);	
INSERT INTO operacao (id, tipo, modo, data, quantidade, unidade, exploracaoAgricolaid, culturaId, fatorProducaodesignacao) VALUES (165, 'Sementeira', NULL, DATE '2022-10-12', '1.3', 'ha', '103', '10', NULL);	
INSERT INTO operacao (id, tipo, modo, data, quantidade, unidade, exploracaoAgricolaid, culturaId, fatorProducaodesignacao) VALUES (166, 'Colheita', NULL, DATE '2022-10-17', '850', 'kg', '104', '23', NULL);	
INSERT INTO operacao (id, tipo, modo, data, quantidade, unidade, exploracaoAgricolaid, culturaId, fatorProducaodesignacao) VALUES (167, 'Colheita', NULL, DATE '2022-11-06', '900', 'kg', '104', '23', NULL);	
INSERT INTO operacao (id, tipo, modo, data, quantidade, unidade, exploracaoAgricolaid, culturaId, fatorProducaodesignacao) VALUES (168, 'Poda', NULL, DATE '2022-11-10', '30', 'un', '102', '11', NULL);	
INSERT INTO operacao (id, tipo, modo, data, quantidade, unidade, exploracaoAgricolaid, culturaId, fatorProducaodesignacao) VALUES (169, 'Poda', NULL, DATE '2022-11-10', '20', 'un', '102', '12', NULL);	
INSERT INTO operacao (id, tipo, modo, data, quantidade, unidade, exploracaoAgricolaid, culturaId, fatorProducaodesignacao) VALUES (170, 'Colheita', NULL, DATE '2022-11-12', '300', 'kg', '102', '11', NULL);	
INSERT INTO operacao (id, tipo, modo, data, quantidade, unidade, exploracaoAgricolaid, culturaId, fatorProducaodesignacao) VALUES (171, 'Colheita', NULL, DATE '2022-11-12', '200', 'kg', '102', '12', NULL);	
INSERT INTO operacao (id, tipo, modo, data, quantidade, unidade, exploracaoAgricolaid, culturaId, fatorProducaodesignacao) VALUES (172, 'Colheita', NULL, DATE '2022-11-15', '50', 'kg', '106', '21', NULL);	
INSERT INTO operacao (id, tipo, modo, data, quantidade, unidade, exploracaoAgricolaid, culturaId, fatorProducaodesignacao) VALUES (173, 'Poda', NULL, DATE '2022-12-04', '70', 'un', '104', '24', NULL);	
INSERT INTO operacao (id, tipo, modo, data, quantidade, unidade, exploracaoAgricolaid, culturaId, fatorProducaodesignacao) VALUES (174, 'Poda', NULL, DATE '2022-12-07', '90', 'un', '104', '22', NULL);	
INSERT INTO operacao (id, tipo, modo, data, quantidade, unidade, exploracaoAgricolaid, culturaId, fatorProducaodesignacao) VALUES (175, 'Fertilização', 'Solo', DATE '2022-12-11', '15', 'kg', '102', '11', 'Patentkali');	
INSERT INTO operacao (id, tipo, modo, data, quantidade, unidade, exploracaoAgricolaid, culturaId, fatorProducaodesignacao) VALUES (176, 'Fertilização', 'Solo', DATE '2022-12-11', '10', 'kg', '102', '12', 'Patentkali');	
INSERT INTO operacao (id, tipo, modo, data, quantidade, unidade, exploracaoAgricolaid, culturaId, fatorProducaodesignacao) VALUES (177, 'Poda', NULL, DATE '2022-12-16', '500', 'un', '107', '26', NULL);	
INSERT INTO operacao (id, tipo, modo, data, quantidade, unidade, exploracaoAgricolaid, culturaId, fatorProducaodesignacao) VALUES (178, 'Colheita', NULL, DATE '2022-12-18', '200', 'kg', '106', '21', NULL);	
INSERT INTO operacao (id, tipo, modo, data, quantidade, unidade, exploracaoAgricolaid, culturaId, fatorProducaodesignacao) VALUES (179, 'Poda', NULL, DATE '2022-12-18', '700', 'un', '107', '27', NULL);	
INSERT INTO operacao (id, tipo, modo, data, quantidade, unidade, exploracaoAgricolaid, culturaId, fatorProducaodesignacao) VALUES (180, 'Poda', NULL, DATE '2023-01-12', '60', 'un', '104', '23', NULL);	
INSERT INTO operacao (id, tipo, modo, data, quantidade, unidade, exploracaoAgricolaid, culturaId, fatorProducaodesignacao) VALUES (181, 'Colheita', NULL, DATE '2023-01-14', '250', 'kg', '106', '21', NULL);	
INSERT INTO operacao (id, tipo, modo, data, quantidade, unidade, exploracaoAgricolaid, culturaId, fatorProducaodesignacao) VALUES (182, 'Aplicação fitofármaco', NULL, DATE '2023-01-20', '4', 'kg', '107', '26', 'Calda Bordalesa ASCENZA');	
INSERT INTO operacao (id, tipo, modo, data, quantidade, unidade, exploracaoAgricolaid, culturaId, fatorProducaodesignacao) VALUES (183, 'Aplicação fitofármaco', NULL, DATE '2023-01-20', '5', 'kg', '107', '27', 'Calda Bordalesa ASCENZA');	
INSERT INTO operacao (id, tipo, modo, data, quantidade, unidade, exploracaoAgricolaid, culturaId, fatorProducaodesignacao) VALUES (184, 'Incorporação no solo', NULL, DATE '2023-03-20', '1.3', 'ha', '103', '10', NULL);	
INSERT INTO operacao (id, tipo, modo, data, quantidade, unidade, exploracaoAgricolaid, culturaId, fatorProducaodesignacao) VALUES (185, 'Rega', NULL, DATE '2017-07-10', '3', 'm3', '104', '22', NULL);
INSERT INTO operacao (id, tipo, modo, data, quantidade, unidade, exploracaoAgricolaid, culturaId, fatorProducaodesignacao) VALUES (186, 'Rega', NULL, DATE '2017-07-10', '3', 'm3', '104', '23', NULL);
INSERT INTO operacao (id, tipo, modo, data, quantidade, unidade, exploracaoAgricolaid, culturaId, fatorProducaodesignacao) VALUES (187, 'Rega', NULL, DATE '2017-07-10', '3', 'm3', '104', '24', NULL);
INSERT INTO operacao (id, tipo, modo, data, quantidade, unidade, exploracaoAgricolaid, culturaId, fatorProducaodesignacao) VALUES (189, 'Rega', NULL, DATE '2017-08-10', '3.5', 'm3', '104', '22', NULL);
INSERT INTO operacao (id, tipo, modo, data, quantidade, unidade, exploracaoAgricolaid, culturaId, fatorProducaodesignacao) VALUES (190, 'Rega', NULL, DATE '2017-08-10', '3.5', 'm3', '104', '23', NULL);
INSERT INTO operacao (id, tipo, modo, data, quantidade, unidade, exploracaoAgricolaid, culturaId, fatorProducaodesignacao) VALUES (191, 'Rega', NULL, DATE '2017-08-10', '3.5', 'm3', '104', '24', NULL);
INSERT INTO operacao (id, tipo, modo, data, quantidade, unidade, exploracaoAgricolaid, culturaId, fatorProducaodesignacao) VALUES (193, 'Rega', NULL, DATE '2017-09-10', '3', 'm3', '104', '22', NULL);
INSERT INTO operacao (id, tipo, modo, data, quantidade, unidade, exploracaoAgricolaid, culturaId, fatorProducaodesignacao) VALUES (194, 'Rega', NULL, DATE '2017-09-10', '3', 'm3', '104', '23', NULL);
INSERT INTO operacao (id, tipo, modo, data, quantidade, unidade, exploracaoAgricolaid, culturaId, fatorProducaodesignacao) VALUES (195, 'Rega', NULL, DATE '2017-09-10', '3', 'm3', '104', '24', NULL);
INSERT INTO operacao (id, tipo, modo, data, quantidade, unidade, exploracaoAgricolaid, culturaId, fatorProducaodesignacao) VALUES (197, 'Rega', NULL, DATE '2018-07-10', '3.5', 'm3', '104', '22', NULL);
INSERT INTO operacao (id, tipo, modo, data, quantidade, unidade, exploracaoAgricolaid, culturaId, fatorProducaodesignacao) VALUES (198, 'Rega', NULL, DATE '2018-07-10', '3.5', 'm3', '104', '23', NULL);
INSERT INTO operacao (id, tipo, modo, data, quantidade, unidade, exploracaoAgricolaid, culturaId, fatorProducaodesignacao) VALUES (199, 'Rega', NULL, DATE '2018-07-10', '3.5', 'm3', '104', '24', NULL);
INSERT INTO operacao (id, tipo, modo, data, quantidade, unidade, exploracaoAgricolaid, culturaId, fatorProducaodesignacao) VALUES (201, 'Rega', NULL, DATE '2018-07-10', '6', 'm3', '107', '26', NULL);
INSERT INTO operacao (id, tipo, modo, data, quantidade, unidade, exploracaoAgricolaid, culturaId, fatorProducaodesignacao) VALUES (202, 'Rega', NULL, DATE '2018-07-10', '6', 'm3', '107', '27', NULL);
INSERT INTO operacao (id, tipo, modo, data, quantidade, unidade, exploracaoAgricolaid, culturaId, fatorProducaodesignacao) VALUES (203, 'Rega', NULL, DATE '2018-08-10', '4', 'm3', '104', '22', NULL);
INSERT INTO operacao (id, tipo, modo, data, quantidade, unidade, exploracaoAgricolaid, culturaId, fatorProducaodesignacao) VALUES (204, 'Rega', NULL, DATE '2018-08-10', '4', 'm3', '104', '23', NULL);
INSERT INTO operacao (id, tipo, modo, data, quantidade, unidade, exploracaoAgricolaid, culturaId, fatorProducaodesignacao) VALUES (205, 'Rega', NULL, DATE '2018-08-10', '4', 'm3', '104', '24', NULL);
INSERT INTO operacao (id, tipo, modo, data, quantidade, unidade, exploracaoAgricolaid, culturaId, fatorProducaodesignacao) VALUES (207, 'Rega', NULL, DATE '2018-08-11', '7', 'm3', '107', '26', NULL);
INSERT INTO operacao (id, tipo, modo, data, quantidade, unidade, exploracaoAgricolaid, culturaId, fatorProducaodesignacao) VALUES (208, 'Rega', NULL, DATE '2018-08-11', '7', 'm3', '107', '27', NULL);
INSERT INTO operacao (id, tipo, modo, data, quantidade, unidade, exploracaoAgricolaid, culturaId, fatorProducaodesignacao) VALUES (209, 'Rega', NULL, DATE '2018-09-02', '4', 'm3', '104', '22', NULL);
INSERT INTO operacao (id, tipo, modo, data, quantidade, unidade, exploracaoAgricolaid, culturaId, fatorProducaodesignacao) VALUES (210, 'Rega', NULL, DATE '2018-09-02', '4', 'm3', '104', '23', NULL);
INSERT INTO operacao (id, tipo, modo, data, quantidade, unidade, exploracaoAgricolaid, culturaId, fatorProducaodesignacao) VALUES (211, 'Rega', NULL, DATE '2018-09-02', '4', 'm3', '104', '24', NULL);
INSERT INTO operacao (id, tipo, modo, data, quantidade, unidade, exploracaoAgricolaid, culturaId, fatorProducaodesignacao) VALUES (213, 'Rega', NULL, DATE '2018-09-10', '4', 'm3', '104', '22', NULL);
INSERT INTO operacao (id, tipo, modo, data, quantidade, unidade, exploracaoAgricolaid, culturaId, fatorProducaodesignacao) VALUES (214, 'Rega', NULL, DATE '2018-09-10', '4', 'm3', '104', '23', NULL);
INSERT INTO operacao (id, tipo, modo, data, quantidade, unidade, exploracaoAgricolaid, culturaId, fatorProducaodesignacao) VALUES (215, 'Rega', NULL, DATE '2018-09-10', '4', 'm3', '104', '24', NULL);
INSERT INTO operacao (id, tipo, modo, data, quantidade, unidade, exploracaoAgricolaid, culturaId, fatorProducaodesignacao) VALUES (217, 'Rega', NULL, DATE '2019-07-03', '4', 'm3', '104', '22', NULL);
INSERT INTO operacao (id, tipo, modo, data, quantidade, unidade, exploracaoAgricolaid, culturaId, fatorProducaodesignacao) VALUES (218, 'Rega', NULL, DATE '2019-07-03', '4', 'm3', '104', '23', NULL);
INSERT INTO operacao (id, tipo, modo, data, quantidade, unidade, exploracaoAgricolaid, culturaId, fatorProducaodesignacao) VALUES (219, 'Rega', NULL, DATE '2019-07-03', '4', 'm3', '104', '24', NULL);
INSERT INTO operacao (id, tipo, modo, data, quantidade, unidade, exploracaoAgricolaid, culturaId, fatorProducaodesignacao) VALUES (220, 'Rega', NULL, DATE '2019-07-03', '4', 'm3', '104', '25', NULL);
INSERT INTO operacao (id, tipo, modo, data, quantidade, unidade, exploracaoAgricolaid, culturaId, fatorProducaodesignacao) VALUES (221, 'Rega', NULL, DATE '2019-07-10', '6', 'm3', '107', '26', NULL);
INSERT INTO operacao (id, tipo, modo, data, quantidade, unidade, exploracaoAgricolaid, culturaId, fatorProducaodesignacao) VALUES (222, 'Rega', NULL, DATE '2019-07-10', '6', 'm3', '107', '27', NULL);
INSERT INTO operacao (id, tipo, modo, data, quantidade, unidade, exploracaoAgricolaid, culturaId, fatorProducaodesignacao) VALUES (223, 'Rega', NULL, DATE '2019-08-10', '4.5', 'm3', '104', '22', NULL);
INSERT INTO operacao (id, tipo, modo, data, quantidade, unidade, exploracaoAgricolaid, culturaId, fatorProducaodesignacao) VALUES (224, 'Rega', NULL, DATE '2019-08-10', '4.5', 'm3', '104', '23', NULL);
INSERT INTO operacao (id, tipo, modo, data, quantidade, unidade, exploracaoAgricolaid, culturaId, fatorProducaodesignacao) VALUES (225, 'Rega', NULL, DATE '2019-08-10', '4.5', 'm3', '104', '24', NULL);
INSERT INTO operacao (id, tipo, modo, data, quantidade, unidade, exploracaoAgricolaid, culturaId, fatorProducaodesignacao) VALUES (226, 'Rega', NULL, DATE '2019-08-10', '4.5', 'm3', '104', '25', NULL);
INSERT INTO operacao (id, tipo, modo, data, quantidade, unidade, exploracaoAgricolaid, culturaId, fatorProducaodesignacao) VALUES (227, 'Rega', NULL, DATE '2019-08-11', '7', 'm3', '107', '26', NULL);
INSERT INTO operacao (id, tipo, modo, data, quantidade, unidade, exploracaoAgricolaid, culturaId, fatorProducaodesignacao) VALUES (228, 'Rega', NULL, DATE '2019-08-11', '7', 'm3', '107', '27', NULL);
INSERT INTO operacao (id, tipo, modo, data, quantidade, unidade, exploracaoAgricolaid, culturaId, fatorProducaodesignacao) VALUES (229, 'Rega', NULL, DATE '2020-07-10', '6', 'm3', '107', '26', NULL);
INSERT INTO operacao (id, tipo, modo, data, quantidade, unidade, exploracaoAgricolaid, culturaId, fatorProducaodesignacao) VALUES (230, 'Rega', NULL, DATE '2020-07-10', '6', 'm3', '107', '27', NULL);
INSERT INTO operacao (id, tipo, modo, data, quantidade, unidade, exploracaoAgricolaid, culturaId, fatorProducaodesignacao) VALUES (231, 'Rega', NULL, DATE '2020-08-11', '7', 'm3', '107', '26', NULL);
INSERT INTO operacao (id, tipo, modo, data, quantidade, unidade, exploracaoAgricolaid, culturaId, fatorProducaodesignacao) VALUES (232, 'Rega', NULL, DATE '2020-08-11', '7', 'm3', '107', '27', NULL);
INSERT INTO operacao (id, tipo, modo, data, quantidade, unidade, exploracaoAgricolaid, culturaId, fatorProducaodesignacao) VALUES (233, 'Fertilização', 'Foliar', DATE '2021-05-02', '10', 'kg', '104', '22', 'EPSO Microtop');
INSERT INTO operacao (id, tipo, modo, data, quantidade, unidade, exploracaoAgricolaid, culturaId, fatorProducaodesignacao) VALUES (234, 'Fertilização', 'Foliar', DATE '2021-05-02', '10', 'kg', '104', '23', 'EPSO Microtop');
INSERT INTO operacao (id, tipo, modo, data, quantidade, unidade, exploracaoAgricolaid, culturaId, fatorProducaodesignacao) VALUES (235, 'Fertilização', 'Foliar', DATE '2021-05-02', '10', 'kg', '104', '24', 'EPSO Microtop');
INSERT INTO operacao (id, tipo, modo, data, quantidade, unidade, exploracaoAgricolaid, culturaId, fatorProducaodesignacao) VALUES (236, 'Fertilização', 'Foliar', DATE '2021-05-02', '10', 'kg', '104', '24', 'EPSO Microtop');
INSERT INTO operacao (id, tipo, modo, data, quantidade, unidade, exploracaoAgricolaid, culturaId, fatorProducaodesignacao) VALUES (237, 'Rega', NULL, DATE '2021-07-05', '5', 'm3', '104', '22', NULL);
INSERT INTO operacao (id, tipo, modo, data, quantidade, unidade, exploracaoAgricolaid, culturaId, fatorProducaodesignacao) VALUES (238, 'Rega', NULL, DATE '2021-07-05', '5', 'm3', '104', '23', NULL);
INSERT INTO operacao (id, tipo, modo, data, quantidade, unidade, exploracaoAgricolaid, culturaId, fatorProducaodesignacao) VALUES (239, 'Rega', NULL, DATE '2021-07-05', '5', 'm3', '104', '24', NULL);
INSERT INTO operacao (id, tipo, modo, data, quantidade, unidade, exploracaoAgricolaid, culturaId, fatorProducaodesignacao) VALUES (240, 'Rega', NULL, DATE '2021-07-05', '5', 'm3', '104', '24', NULL);
INSERT INTO operacao (id, tipo, modo, data, quantidade, unidade, exploracaoAgricolaid, culturaId, fatorProducaodesignacao) VALUES (241, 'Rega', NULL, DATE '2021-07-10', '7', 'm3', '107', '26', NULL);
INSERT INTO operacao (id, tipo, modo, data, quantidade, unidade, exploracaoAgricolaid, culturaId, fatorProducaodesignacao) VALUES (242, 'Rega', NULL, DATE '2021-07-10', '7', 'm3', '107', '27', NULL);
INSERT INTO operacao (id, tipo, modo, data, quantidade, unidade, exploracaoAgricolaid, culturaId, fatorProducaodesignacao) VALUES (243, 'Rega', NULL, DATE '2021-07-30', '5.5', 'm3', '104', '22', NULL);
INSERT INTO operacao (id, tipo, modo, data, quantidade, unidade, exploracaoAgricolaid, culturaId, fatorProducaodesignacao) VALUES (244, 'Rega', NULL, DATE '2021-07-30', '5.5', 'm3', '104', '23', NULL);
INSERT INTO operacao (id, tipo, modo, data, quantidade, unidade, exploracaoAgricolaid, culturaId, fatorProducaodesignacao) VALUES (245, 'Rega', NULL, DATE '2021-07-30', '5.5', 'm3', '104', '24', NULL);
INSERT INTO operacao (id, tipo, modo, data, quantidade, unidade, exploracaoAgricolaid, culturaId, fatorProducaodesignacao) VALUES (246, 'Rega', NULL, DATE '2021-07-30', '5.5', 'm3', '104', '25', NULL);
INSERT INTO operacao (id, tipo, modo, data, quantidade, unidade, exploracaoAgricolaid, culturaId, fatorProducaodesignacao) VALUES (247, 'Fertilização', 'Foliar', DATE '2022-05-13', '10', 'kg', '104', '22', 'EPSO Microtop');
INSERT INTO operacao (id, tipo, modo, data, quantidade, unidade, exploracaoAgricolaid, culturaId, fatorProducaodesignacao) VALUES (248, 'Fertilização', 'Foliar', DATE '2022-05-13', '10', 'kg', '104', '23', 'EPSO Microtop');
INSERT INTO operacao (id, tipo, modo, data, quantidade, unidade, exploracaoAgricolaid, culturaId, fatorProducaodesignacao) VALUES (249, 'Fertilização', 'Foliar', DATE '2022-05-13', '10', 'kg', '104', '24', 'EPSO Microtop');
INSERT INTO operacao (id, tipo, modo, data, quantidade, unidade, exploracaoAgricolaid, culturaId, fatorProducaodesignacao) VALUES (250, 'Fertilização', 'Foliar', DATE '2022-05-13', '10', 'kg', '104', '25', 'EPSO Microtop');
INSERT INTO operacao (id, tipo, modo, data, quantidade, unidade, exploracaoAgricolaid, culturaId, fatorProducaodesignacao) VALUES (251, 'Rega', NULL, DATE '2022-06-05', '3', 'm3', '104', '22', NULL);
INSERT INTO operacao (id, tipo, modo, data, quantidade, unidade, exploracaoAgricolaid, culturaId, fatorProducaodesignacao) VALUES (252, 'Rega', NULL, DATE '2022-06-05', '3', 'm3', '104', '23', NULL);
INSERT INTO operacao (id, tipo, modo, data, quantidade, unidade, exploracaoAgricolaid, culturaId, fatorProducaodesignacao) VALUES (253, 'Rega', NULL, DATE '2022-06-05', '3', 'm3', '104', '24', NULL);
INSERT INTO operacao (id, tipo, modo, data, quantidade, unidade, exploracaoAgricolaid, culturaId, fatorProducaodesignacao) VALUES (254, 'Rega', NULL, DATE '2022-06-05', '3', 'm3', '104', '25', NULL);
INSERT INTO operacao (id, tipo, modo, data, quantidade, unidade, exploracaoAgricolaid, culturaId, fatorProducaodesignacao) VALUES (255, 'Rega', NULL, DATE '2022-07-02', '5.5', 'm3', '104', '22', NULL);
INSERT INTO operacao (id, tipo, modo, data, quantidade, unidade, exploracaoAgricolaid, culturaId, fatorProducaodesignacao) VALUES (256, 'Rega', NULL, DATE '2022-07-02', '5.5', 'm3', '104', '23', NULL);
INSERT INTO operacao (id, tipo, modo, data, quantidade, unidade, exploracaoAgricolaid, culturaId, fatorProducaodesignacao) VALUES (257, 'Rega', NULL, DATE '2022-07-02', '5.5', 'm3', '104', '24', NULL);
INSERT INTO operacao (id, tipo, modo, data, quantidade, unidade, exploracaoAgricolaid, culturaId, fatorProducaodesignacao) VALUES (258, 'Rega', NULL, DATE '2022-07-02', '5.5', 'm3', '104', '25', NULL);
INSERT INTO operacao (id, tipo, modo, data, quantidade, unidade, exploracaoAgricolaid, culturaId, fatorProducaodesignacao) VALUES (259, 'Rega', NULL, DATE '2022-07-30', '5', 'm3', '104', '22', NULL);
INSERT INTO operacao (id, tipo, modo, data, quantidade, unidade, exploracaoAgricolaid, culturaId, fatorProducaodesignacao) VALUES (260, 'Rega', NULL, DATE '2022-07-30', '5', 'm3', '104', '23', NULL);
INSERT INTO operacao (id, tipo, modo, data, quantidade, unidade, exploracaoAgricolaid, culturaId, fatorProducaodesignacao) VALUES (261, 'Rega', NULL, DATE '2022-07-30', '5', 'm3', '104', '24', NULL);
INSERT INTO operacao (id, tipo, modo, data, quantidade, unidade, exploracaoAgricolaid, culturaId, fatorProducaodesignacao) VALUES (262, 'Rega', NULL, DATE '2022-07-30', '5', 'm3', '104', '25', NULL);
INSERT INTO operacao (id, tipo, modo, data, quantidade, unidade, exploracaoAgricolaid, culturaId, fatorProducaodesignacao) VALUES (263, 'Plantação', NULL, DATE '2018-12-10', '30', 'un', '104', '25', NULL);	
INSERT INTO operacao (id, tipo, modo, data, quantidade, unidade, exploracaoAgricolaid, culturaId, fatorProducaodesignacao) VALUES (264, 'Poda', NULL, DATE '2019-01-08', '40', 'un', '104', '25', NULL);	
INSERT INTO operacao (id, tipo, modo, data, quantidade, unidade, exploracaoAgricolaid, culturaId, fatorProducaodesignacao) VALUES (265, 'Fertilização', 'Solo', DATE '2019-02-06', '7', 'kg', '104', '25', 'ESTA Kieserit');	
INSERT INTO operacao (id, tipo, modo, data, quantidade, unidade, exploracaoAgricolaid, culturaId, fatorProducaodesignacao) VALUES (266, 'Poda', NULL, DATE '2020-12-05', '70', 'un', '104', '25', NULL);	
INSERT INTO operacao (id, tipo, modo, data, quantidade, unidade, exploracaoAgricolaid, culturaId, fatorProducaodesignacao) VALUES (267, 'Colheita', NULL, DATE '2021-08-24', '900', 'kg', '104', '25', NULL);	
INSERT INTO operacao (id, tipo, modo, data, quantidade, unidade, exploracaoAgricolaid, culturaId, fatorProducaodesignacao) VALUES (268, 'Colheita', NULL, DATE '2021-09-05', '800', 'kg', '104', '25', NULL);	
INSERT INTO operacao (id, tipo, modo, data, quantidade, unidade, exploracaoAgricolaid, culturaId, fatorProducaodesignacao) VALUES (269, 'Poda', NULL, DATE '2021-11-28', '70', 'un', '104', '25', NULL);	
INSERT INTO operacao (id, tipo, modo, data, quantidade, unidade, exploracaoAgricolaid, culturaId, fatorProducaodesignacao) VALUES (270, 'Colheita', NULL, DATE '2022-08-20', '950', 'kg', '104', '25', NULL);	
INSERT INTO operacao (id, tipo, modo, data, quantidade, unidade, exploracaoAgricolaid, culturaId, fatorProducaodesignacao) VALUES (271, 'Poda', NULL, DATE '2022-12-04', '70', 'un', '104', '25', NULL);
INSERT INTO operacao (id, tipo, modo, data, quantidade, unidade, exploracaoAgricolaid, culturaId, fatorProducaodesignacao) VALUES (272, 'Fertilização', 'Solo', DATE '2020-03-30', '600', 'kg', '103', NULL, 'Biocal Composto');
